{
"type": "FeatureCollection",
"name": "districts",
"crs": { "type": "name", "properties": { "name": "urn:ogc:def:crs:OGC:1.3:CRS84" } },
"features": [
{ "type": "Feature", "properties": { "district": "rusape", "province": "Manicaland", "estimate": 25.238744050987421, "lo": 16.433289406968544, "hi": 35.628275371655462, "width": 19.194985964686918, "n": 17 }, "geometry": { "type": "Polygon", "coordinates": [ [ [ 32.135409201998939, -18.51164598770751 ], [ 32.152247557857777, -18.542896478250203 ], [ 32.162425500569562, -18.561880980350772 ], [ 32.130255023733213, -18.549272442746059 ], [ 32.109004921139821, -18.555633283764102 ], [ 32.105272289980277, -18.544137946368362 ], [ 32.113528774926898, -18.526238244990669 ], [ 32.135409201998939, -18.51164598770751 ] ] ] } },
{ "type": "Feature", "properties": { "district": "bulawayo", "province": "Bulawayo", "estimate": 13.28284475502948, "lo": 10.874844862756932, "hi": 15.954117513889724, "width": 5.0792726511327917, "n": 399 }, "geometry": { "type": "Polygon", "coordinates": [ [ [ 28.671169236847717, -20.01630911783219 ], [ 28.643576014146415, -20.068651670230611 ], [ 28.667915226273291, -20.067606168042374 ], [ 28.651199972843195, -20.113270636317139 ], [ 28.67654188718523, -20.114334274082463 ], [ 28.651256267566062, -20.152950516708586 ], [ 28.67517563856978, -20.16822830599606 ], [ 28.675629749522002, -20.181977942894171 ], [ 28.696496126862161, -20.190989952230684 ], [ 28.684567323642266, -20.220809062400235 ], [ 28.673586208912035, -20.215218573747848 ], [ 28.66315308087794, -20.221873386709024 ], [ 28.662493518032942, -20.236403383275327 ], [ 28.650554465036546, -20.226604870661927 ], [ 28.616156203122575, -20.231754942401032 ], [ 28.552622542930642, -20.221999899926356 ], [ 28.538781511235843, -20.258671666928596 ], [ 28.496475149906228, -20.235615919968239 ], [ 28.513109996033993, -20.200937735250051 ], [ 28.499941821353172, -20.189292077659111 ], [ 28.480981731028976, -20.190795249858191 ], [ 28.491440222995976, -20.170739304894074 ], [ 28.431497022094618, -20.157736217889752 ], [ 28.442546788773598, -20.17774234704811 ], [ 28.397755644247525, -20.170218007134174 ], [ 28.38741461958152, -20.153894544041783 ], [ 28.428139476193397, -20.153620943045372 ], [ 28.415375108606131, -20.13249081417225 ], [ 28.396673261467988, -20.134589138111583 ], [ 28.40411601200779, -20.118744735752664 ], [ 28.415139616153244, -20.118450497630153 ], [ 28.408708131472839, -20.018030029841942 ], [ 28.445837667109455, -20.040628306221624 ], [ 28.468702360273941, -20.070582101222932 ], [ 28.51302417908126, -20.059239342876054 ], [ 28.512646615371207, -20.042969948298516 ], [ 28.530764834255542, -20.030471422726198 ], [ 28.553712886586705, -20.056503775110222 ], [ 28.554159474149163, -20.044337306262381 ], [ 28.573762009920284, -20.028093940035156 ], [ 28.607239841826065, -19.961474837944419 ], [ 28.643597552155391, -20.004159333913705 ], [ 28.671169236847717, -20.01630911783219 ] ] ] } },
{ "type": "Feature", "properties": { "district": "buhera", "province": "Manicaland", "estimate": 45.694303014466307, "lo": 35.528531270355892, "hi": 55.997082358459338, "width": 20.468551088103446, "n": 29 }, "geometry": { "type": "Polygon", "coordinates": [ [ [ 31.592069132178441, -19.012765831063685 ], [ 31.616085452958831, -19.020146385776897 ], [ 31.624188229872104, -19.038150756737885 ], [ 31.636852871885434, -19.040668945285837 ], [ 31.690781341708817, -19.043351129857619 ], [ 31.712012736886415, -19.038255733044767 ], [ 31.726674314013387, -19.021473446090575 ], [ 31.769304108366395, -19.032542276372052 ], [ 31.841520082790211, -19.10093946990029 ], [ 31.911274109193563, -19.122491088880736 ], [ 31.982806677688561, -19.118116316013136 ], [ 32.000272990965279, -19.155803937203704 ], [ 32.027738871182777, -19.165623386034383 ], [ 32.031940699601712, -19.178717333224171 ], [ 32.014916196646375, -19.21500410009131 ], [ 32.028223627262925, -19.25558460765939 ], [ 32.049376803433788, -19.291711827410687 ], [ 32.079666226031478, -19.311732725048319 ], [ 32.111314519379718, -19.401129204035296 ], [ 32.140572693099251, -19.421970775061851 ], [ 32.200637017435895, -19.524933550936296 ], [ 32.222373402347081, -19.538900599701524 ], [ 32.234892068126719, -19.609656941982756 ], [ 32.24984164693042, -19.625817158283386 ], [ 32.270811067320011, -19.682326413839714 ], [ 32.300389236215103, -19.721279340368827 ], [ 32.325294529800651, -19.73624946063941 ], [ 32.38047595900256, -19.746963251644264 ], [ 32.387090772767444, -19.754574823102459 ], [ 32.396592511344068, -19.785327135340697 ], [ 32.391931663577836, -19.853504261279518 ], [ 32.366888401341058, -19.925664684901996 ], [ 32.34061015860788, -19.948576410094184 ], [ 32.345748018976501, -19.969474974836686 ], [ 32.340591176307626, -19.999969261578077 ], [ 32.329360491626154, -19.985467178297952 ], [ 32.284836762091651, -19.978269652357358 ], [ 32.267423253583942, -19.96108736934622 ], [ 32.209570895887147, -19.930731109653237 ], [ 32.196312266248398, -19.903725087785634 ], [ 32.095557143133185, -19.904522179396711 ], [ 32.075846692749671, -19.870057598055137 ], [ 32.052269363377256, -19.862113008660895 ], [ 32.016606382243346, -19.863223104138534 ], [ 31.984817284262522, -19.848965043297895 ], [ 31.967821750178437, -19.799570336197682 ], [ 31.926679911787321, -19.767953970700628 ], [ 31.89937666975538, -19.711848756126951 ], [ 31.843489250080129, -19.678517262820254 ], [ 31.842979260323659, -19.667934465641807 ], [ 31.823513810162527, -19.655192512248465 ], [ 31.825493740167836, -19.620305877840792 ], [ 31.770138302803833, -19.583694134092351 ], [ 31.739345179554974, -19.583982167165516 ], [ 31.726474529592501, -19.542399028854344 ], [ 31.714341875280329, -19.540536892976469 ], [ 31.703133186746932, -19.52432467096158 ], [ 31.68317275498276, -19.522329527871737 ], [ 31.674647972006859, -19.461411920690704 ], [ 31.649343695281125, -19.466492315152514 ], [ 31.639613967878653, -19.457507638929247 ], [ 31.621985471862239, -19.463354088269384 ], [ 31.610358796328832, -19.447054857739772 ], [ 31.573013862657497, -19.456891618215781 ], [ 31.548644539903066, -19.417331630041815 ], [ 31.527502139024023, -19.411834222273086 ], [ 31.521567407421408, -19.390497911854908 ], [ 31.49230412767777, -19.385164213591729 ], [ 31.480015471933399, -19.372664271310807 ], [ 31.461296008835319, -19.381262930581151 ], [ 31.443832495607328, -19.360132334785998 ], [ 31.433769789678514, -19.377480655160035 ], [ 31.425139032448556, -19.370007091957479 ], [ 31.406769556578439, -19.374293424054745 ], [ 31.283833008787191, -19.280833379626575 ], [ 31.188440942004206, -19.233762599983613 ], [ 31.304788384017336, -19.220491783142762 ], [ 31.297495562300178, -19.157365979686301 ], [ 31.329573647409564, -19.150149416952832 ], [ 31.318902940136891, -19.127675709392889 ], [ 31.315218025688583, -19.089149772699706 ], [ 31.344641186688161, -19.081314162677725 ], [ 31.37364536625271, -19.087156596172115 ], [ 31.388365957303925, -19.107261123360146 ], [ 31.406680441007293, -19.116024783873151 ], [ 31.441726435847919, -19.093573057858773 ], [ 31.480477363194609, -19.156394829714809 ], [ 31.487830150151915, -19.147565155181223 ], [ 31.502389737951418, -19.150361361716708 ], [ 31.524238123913928, -19.167520659655889 ], [ 31.591577171609718, -19.074601551965227 ], [ 31.598786955756953, -19.049288617244994 ], [ 31.592069132178441, -19.012765831063685 ] ] ] } },
{ "type": "Feature", "properties": { "district": "chimanimani", "province": "Manicaland", "estimate": 39.887120500705045, "lo": 29.648900661867415, "hi": 50.646254887199404, "width": 20.997354225331989, "n": 25 }, "geometry": { "type": "Polygon", "coordinates": [ [ [ 32.791155160589071, -19.387440992619553 ], [ 32.777944542309015, -19.408639602077024 ], [ 32.776338598024445, -19.456042194144199 ], [ 32.793264120110251, -19.474626596738283 ], [ 32.845359635986895, -19.474594583931623 ], [ 32.840488782768482, -19.511439373253506 ], [ 32.858558275232632, -19.543626803029053 ], [ 32.845726654374317, -19.604653415161312 ], [ 32.856994335272439, -19.616792329270908 ], [ 32.844772686661727, -19.633595599857721 ], [ 32.846534641361664, -19.653039066064068 ], [ 32.832303050930271, -19.669904340200429 ], [ 32.853737442005894, -19.683573367353006 ], [ 32.907438910251905, -19.681332186614377 ], [ 32.975139972719028, -19.649198751931472 ], [ 32.985233692084698, -19.688065681164797 ], [ 32.95587653480063, -19.716126799961504 ], [ 32.98375774480153, -19.740193608320983 ], [ 33.014532867608743, -19.747623161120448 ], [ 33.061780524443336, -19.774620185165006 ], [ 33.047277944630075, -19.809105780779738 ], [ 33.048005930353177, -19.842622300015826 ], [ 33.025275600004292, -19.95564478519827 ], [ 33.030016479577505, -20.033585622117204 ], [ 32.998470380372616, -20.026081066243155 ], [ 32.975346042651921, -20.037220904002613 ], [ 32.955876598581014, -20.034052669730826 ], [ 32.921068596205288, -20.04298334538332 ], [ 32.940557050424232, -20.097749436793556 ], [ 32.923467539086694, -20.098090466036169 ], [ 32.909532939773051, -20.108963280703488 ], [ 32.894209377045229, -20.106495098630319 ], [ 32.892546422079469, -20.091137951806541 ], [ 32.858078412275844, -20.110239386060641 ], [ 32.852153574717732, -20.080923195970122 ], [ 32.863674242759423, -20.070403406883244 ], [ 32.858390390885816, -20.056009332374323 ], [ 32.73816683610103, -20.088120757896046 ], [ 32.744437649010997, -20.058832566942737 ], [ 32.731678008359779, -20.035847849894392 ], [ 32.6721057137621, -20.044927543055618 ], [ 32.595889899805904, -20.075536849796116 ], [ 32.641457581295029, -19.999046697822411 ], [ 32.579703491772953, -19.949193040889782 ], [ 32.601302550328313, -19.915960180915778 ], [ 32.585018168437223, -19.91295167461724 ], [ 32.563286791633757, -19.926174671952207 ], [ 32.533937626660766, -19.9158419036449 ], [ 32.514067197104929, -19.923788505247099 ], [ 32.486235990926019, -19.918556120114602 ], [ 32.442280256264162, -19.951572607377493 ], [ 32.409978181628581, -19.965115631319222 ], [ 32.392667675748008, -19.962144412713773 ], [ 32.363612498824807, -19.940344786935494 ], [ 32.348193940153983, -19.940880831297005 ], [ 32.367052396881029, -19.925348660944913 ], [ 32.391790669400734, -19.854206313892803 ], [ 32.396592511344068, -19.785327135340697 ], [ 32.389707704428936, -19.77265718431855 ], [ 32.408410168706894, -19.770954049908227 ], [ 32.415470960976066, -19.748487358145805 ], [ 32.407880175265689, -19.737880561400903 ], [ 32.410234102669875, -19.723556481954915 ], [ 32.431442491993032, -19.699936697189798 ], [ 32.433651424123852, -19.684720548635706 ], [ 32.457427742908102, -19.672737639819047 ], [ 32.457629730896365, -19.653529191124424 ], [ 32.501511123680231, -19.550628022126293 ], [ 32.507485509614462, -19.512845871837481 ], [ 32.533467220268989, -19.497861568971814 ], [ 32.549022466593435, -19.497735239844182 ], [ 32.556339441313618, -19.50637256014317 ], [ 32.563700745198126, -19.498765746094158 ], [ 32.580128702126139, -19.499136112100771 ], [ 32.587927377756209, -19.508767827720352 ], [ 32.640201307133104, -19.503077888283254 ], [ 32.682153284875014, -19.473892565263164 ], [ 32.690358044827576, -19.448152614280843 ], [ 32.728381960224944, -19.436057689828417 ], [ 32.751109308167059, -19.419191407662812 ], [ 32.756732145601383, -19.409619681225536 ], [ 32.752360264302489, -19.382475624079241 ], [ 32.785623315306523, -19.371440781016744 ], [ 32.791155160589071, -19.387440992619553 ] ] ] } },
{ "type": "Feature", "properties": { "district": "chipinge", "province": "Manicaland", "estimate": 55.786052812257417, "lo": 45.545621010813321, "hi": 65.378649839209643, "width": 19.833028828396323, "n": 34 }, "geometry": { "type": "Polygon", "coordinates": [ [ [ 32.585877142901801, -19.91293067264164 ], [ 32.601302550328313, -19.915960180915778 ], [ 32.579703491772953, -19.949193040889782 ], [ 32.641457581295029, -19.999046697822411 ], [ 32.595889899805904, -20.075536849796116 ], [ 32.6721057137621, -20.044927543055618 ], [ 32.731636010323612, -20.035849850050823 ], [ 32.744437649010997, -20.058832566942737 ], [ 32.73816683610103, -20.088120757896046 ], [ 32.860374333665483, -20.057405435828393 ], [ 32.863674242759423, -20.070403406883244 ], [ 32.852153574717718, -20.081011202862026 ], [ 32.858078412275844, -20.110239386060641 ], [ 32.870334060323444, -20.103820903694782 ], [ 32.861496318675577, -20.134800219765971 ], [ 32.87038006664239, -20.143717884395183 ], [ 32.862590292418474, -20.152700557348577 ], [ 32.874259965812982, -20.187251133281876 ], [ 32.848472705383195, -20.193614612630128 ], [ 32.847789729747383, -20.219700558253361 ], [ 32.874377972101954, -20.232628515977922 ], [ 32.863842278921545, -20.258259427791813 ], [ 32.872810026553921, -20.276032749605843 ], [ 32.803560025093581, -20.34186466300627 ], [ 32.806176954958445, -20.365431413928786 ], [ 32.761039260164893, -20.41524912368385 ], [ 32.667611973299984, -20.554450464709571 ], [ 32.566925859663193, -20.552874372731207 ], [ 32.498236847114612, -20.611547731276463 ], [ 32.504923658154581, -20.62072940769005 ], [ 32.497133883032369, -20.625137735759065 ], [ 32.503626698395159, -20.627461905820812 ], [ 32.49160704495921, -20.637490650329653 ], [ 32.495344940246326, -20.644091137102194 ], [ 32.485320231257404, -20.655031948300117 ], [ 32.495215950256373, -20.66545671534433 ], [ 32.485782222231599, -20.670525092300363 ], [ 32.503019739097041, -20.710693052289962 ], [ 32.49419299462491, -20.716985518843689 ], [ 32.502226792602464, -20.813626637686141 ], [ 32.524340185167034, -20.907040500702461 ], [ 32.487529267592784, -20.989735579101382 ], [ 32.380225392818673, -21.109594386184916 ], [ 32.383177311639535, -21.121995292190608 ], [ 32.362978899088603, -21.13959958425173 ], [ 32.380724389890986, -21.14595304307084 ], [ 32.390341117315586, -21.156974845799557 ], [ 32.384360291359059, -21.162594257658537 ], [ 32.413186464360166, -21.17381606903982 ], [ 32.398847879188551, -21.180501561005343 ], [ 32.396383955772762, -21.198618883970852 ], [ 32.429437014799333, -21.231672285795533 ], [ 32.424817150871341, -21.242276060657126 ], [ 32.47614269376848, -21.310398008858524 ], [ 32.480228581125303, -21.327248233781408 ], [ 32.417489379299745, -21.293296779976323 ], [ 32.392359092769802, -21.262500544127427 ], [ 32.337898655906528, -21.24607936295649 ], [ 32.313229358729274, -21.223086693890085 ], [ 32.289224036921219, -21.184348875127846 ], [ 32.27129152585983, -21.105470117395164 ], [ 32.262140786912497, -21.097943569367587 ], [ 32.240447410642176, -21.097546546716142 ], [ 32.233805596214786, -21.079521230264252 ], [ 32.194664715593142, -21.064255125166767 ], [ 32.186023958317421, -21.04552975665127 ], [ 32.196064661810006, -21.024042179021013 ], [ 32.157727755401375, -20.997772265582341 ], [ 32.15202891061255, -20.978372846339109 ], [ 32.157101755412484, -20.948970687136828 ], [ 32.140081240078651, -20.938042889938036 ], [ 32.135549365234418, -20.924636907787846 ], [ 32.19658656771874, -20.804318041201419 ], [ 32.21083815644495, -20.797092503717419 ], [ 32.219573899782183, -20.78096631402645 ], [ 32.209129196058583, -20.768987435008306 ], [ 32.20880119958877, -20.754223346820691 ], [ 32.227683643130526, -20.71180721273381 ], [ 32.225604698119611, -20.698561236151793 ], [ 32.255495831076551, -20.670948188618219 ], [ 32.256853772969059, -20.616732182644171 ], [ 32.288636843254295, -20.559001903168923 ], [ 32.282719997108963, -20.512199438280334 ], [ 32.289128805619654, -20.489641764936849 ], [ 32.288914781104886, -20.397064894581252 ], [ 32.31970985459624, -20.260078695914906 ], [ 32.327163617581412, -20.187542286595129 ], [ 32.339130265923998, -20.156751985191043 ], [ 32.345054072216151, -20.07840212978132 ], [ 32.337276283314772, -20.042172422199705 ], [ 32.345748018976501, -19.969474974836686 ], [ 32.34061015860788, -19.948576410094184 ], [ 32.363150513240498, -19.940209777197506 ], [ 32.394243630675135, -19.962939471994527 ], [ 32.412622106766051, -19.964776604896777 ], [ 32.486235990926019, -19.918556120114602 ], [ 32.514067197104929, -19.923788505247099 ], [ 32.533937626660766, -19.9158419036449 ], [ 32.565506729025117, -19.926118667420326 ], [ 32.585877142901801, -19.91293067264164 ] ], [ [ 32.597648889167097, -20.221959781732192 ], [ 32.660673089601389, -20.237728942744006 ], [ 32.651607528909302, -20.214886783143932 ], [ 32.63639603460642, -20.205749493661322 ], [ 32.64735677464671, -20.203243456148865 ], [ 32.63942238513679, -20.177984849703936 ], [ 32.623651049070766, -20.175593836904696 ], [ 32.615012376784811, -20.164936524108999 ], [ 32.599902810723975, -20.168826818377482 ], [ 32.610351520933776, -20.204814500639362 ], [ 32.594417978771823, -20.210630937886609 ], [ 32.597648889167097, -20.221959781732192 ] ] ] } },
{ "type": "Feature", "properties": { "district": "chipinge urban", "province": "Manicaland", "estimate": 32.581929989345852, "lo": 22.443213934158511, "hi": 43.9627889209101, "width": 21.519574986751589, "n": 18 }, "geometry": { "type": "Polygon", "coordinates": [ [ [ 32.63468067641859, -20.17735262821693 ], [ 32.64735677464671, -20.203243456148865 ], [ 32.63639603460642, -20.205749493661322 ], [ 32.651607528909302, -20.214886783143932 ], [ 32.660612092196978, -20.237823949689822 ], [ 32.597648889167097, -20.221959781732192 ], [ 32.594417978771823, -20.210630937886609 ], [ 32.610351520933776, -20.204814500639362 ], [ 32.599902810723975, -20.168826818377482 ], [ 32.615012376784811, -20.164936524108999 ], [ 32.63468067641859, -20.17735262821693 ] ] ] } },
{ "type": "Feature", "properties": { "district": "makoni", "province": "Manicaland", "estimate": 33.321552036637989, "lo": 25.610686158209329, "hi": 41.550412450441208, "width": 15.939726292231878, "n": 58 }, "geometry": { "type": "Polygon", "coordinates": [ [ [ 32.564346174848318, -17.600665309022762 ], [ 32.579272755882407, -17.605700699919666 ], [ 32.579936742031386, -17.625636260282565 ], [ 32.577445814359855, -17.634181930042335 ], [ 32.539627882657143, -17.647438975422197 ], [ 32.549767609240135, -17.697748907306881 ], [ 32.538292943025802, -17.739548176270823 ], [ 32.55439849190342, -17.754362329891404 ], [ 32.547276701331498, -17.786382831390817 ], [ 32.58921053579963, -17.865748012929625 ], [ 32.60642106996886, -17.950647622081686 ], [ 32.585975651257534, -17.966330846787258 ], [ 32.570484099978337, -18.012370431675645 ], [ 32.574874977052204, -18.018607915825964 ], [ 32.551682644051027, -18.06649364204852 ], [ 32.486128505705651, -18.108478917754738 ], [ 32.460200250200423, -18.151270244400546 ], [ 32.436507921200281, -18.157112703346822 ], [ 32.389070271581446, -18.193544539912978 ], [ 32.379800538198324, -18.20918575394828 ], [ 32.402477904776326, -18.239766118389387 ], [ 32.420731402753376, -18.292799218581649 ], [ 32.453880472819229, -18.319021239187915 ], [ 32.424679302594349, -18.336177572924868 ], [ 32.409638742418721, -18.384637322068841 ], [ 32.440768857866637, -18.373007416377646 ], [ 32.445834721858482, -18.399458457706558 ], [ 32.422364407887571, -18.481604802617365 ], [ 32.48767356936677, -18.522918972380598 ], [ 32.474711947015464, -18.561293932210965 ], [ 32.456725460680218, -18.578208238006624 ], [ 32.454509527080084, -18.591497261728421 ], [ 32.439475955797342, -18.600837984354236 ], [ 32.479933827710923, -18.670580338174087 ], [ 32.48599466301652, -18.69816845642293 ], [ 32.480894822944009, -18.755932891665982 ], [ 32.487543605603015, -18.762384604302763 ], [ 32.463367321819995, -18.763976513076869 ], [ 32.447738758595364, -18.740579721992454 ], [ 32.418095607369224, -18.767408787848776 ], [ 32.395345242792878, -18.733043157225378 ], [ 32.360514233664382, -18.746571203989809 ], [ 32.355723363743934, -18.725908619208489 ], [ 32.345167664183826, -18.726774687917494 ], [ 32.324874245808473, -18.74925641904294 ], [ 32.279709529691146, -18.760280277369311 ], [ 32.249631390848279, -18.787841399797323 ], [ 32.206805601168249, -18.773567316835127 ], [ 32.195609928324998, -18.803322601793635 ], [ 32.212718450708877, -18.828837552803147 ], [ 32.220165087358872, -18.866021022944828 ], [ 32.202185773172843, -18.902066163805642 ], [ 32.165027828319509, -18.903247264767174 ], [ 32.185611250716363, -18.927302099936846 ], [ 32.175426557165196, -18.981227226230455 ], [ 32.148858316698728, -18.99649339993482 ], [ 32.139439595030758, -19.028904877687982 ], [ 32.115259287693604, -19.047659316724836 ], [ 32.116434259830726, -19.063712540695445 ], [ 32.088313066698305, -19.089626526740524 ], [ 32.0814012707988, -19.111673209937145 ], [ 32.09093400574428, -19.127314398723446 ], [ 32.086779127773632, -19.139663341186612 ], [ 32.066046717990304, -19.14219153958582 ], [ 32.052601104923497, -19.15705767707086 ], [ 32.040233455824591, -19.154086454168979 ], [ 32.032549930739236, -19.173562277366557 ], [ 32.000272990965279, -19.155803937203704 ], [ 31.971430388675973, -19.09323883906405 ], [ 31.975876219289042, -18.970135439082981 ], [ 31.94827899100396, -18.937966988003684 ], [ 31.954083419279701, -18.920795929015465 ], [ 31.934165379912095, -18.904055399118455 ], [ 31.921035752839739, -18.90499647538682 ], [ 31.906765132405887, -18.833900034891382 ], [ 31.908186076742538, -18.793638948042705 ], [ 31.883085772383545, -18.748459489872854 ], [ 31.82967428570111, -18.747065401318938 ], [ 31.830345258048066, -18.722977552259735 ], [ 31.756766304877928, -18.622579860380284 ], [ 31.750857463620125, -18.601437236316801 ], [ 31.771648174065419, -18.570747579414206 ], [ 31.746964553250944, -18.546795028721473 ], [ 31.750347454100726, -18.536760254743509 ], [ 31.721807252583787, -18.513259453985697 ], [ 31.749449464905044, -18.4989283385957 ], [ 31.761803095793919, -18.447563372846037 ], [ 31.844298754322008, -18.427223774624679 ], [ 31.844953731267015, -18.414946827375957 ], [ 31.830786125138378, -18.397449479603658 ], [ 31.845063718295432, -18.387561711954497 ], [ 31.841554814354058, -18.380374156834311 ], [ 31.854543440961091, -18.363913880900363 ], [ 31.864171155679877, -18.329472214739518 ], [ 31.853284444903874, -18.276150092983134 ], [ 31.865630063718736, -18.186221122160386 ], [ 31.874912796622358, -18.17327311526774 ], [ 31.86840896971081, -18.142035693907804 ], [ 32.000542237615512, -18.144401836415383 ], [ 31.994483395671541, -18.106266879402547 ], [ 31.973485980184403, -18.080347871809959 ], [ 32.013737835165678, -18.053451769587639 ], [ 32.100237363966819, -17.963766769621692 ], [ 32.147656015115714, -17.928300996390419 ], [ 32.140881198822335, -17.90492617701025 ], [ 32.148700958810394, -17.842507310396353 ], [ 32.214709087734093, -17.81201191333443 ], [ 32.265736636993608, -17.770619669065553 ], [ 32.275700348578148, -17.746380772871959 ], [ 32.290752923720731, -17.741824412983711 ], [ 32.300941631842889, -17.725192111319586 ], [ 32.324858955584006, -17.719757681200143 ], [ 32.382020331859209, -17.674644139749368 ], [ 32.412411475188129, -17.671576892639951 ], [ 32.422116198882996, -17.663218235960848 ], [ 32.438857728930586, -17.671641890773788 ], [ 32.442466625244577, -17.660275000970241 ], [ 32.466932931015414, -17.644375752055492 ], [ 32.473208750236481, -17.626721369184349 ], [ 32.491701227926868, -17.624215169302555 ], [ 32.501275954620318, -17.609480013287428 ], [ 32.548439627958977, -17.619383777592418 ], [ 32.550468568249592, -17.606496768985988 ], [ 32.564346174848318, -17.600665309022762 ] ], [ [ 32.134262993018915, -18.509518277210546 ], [ 32.105272289980277, -18.544137946368362 ], [ 32.109004921139821, -18.555633283764102 ], [ 32.130255023733213, -18.549272442746059 ], [ 32.162425500569562, -18.561880980350772 ], [ 32.134262993018915, -18.509518277210546 ] ] ] } },
{ "type": "Feature", "properties": { "district": "mutare", "province": "Manicaland", "estimate": 51.742144066708981, "lo": 42.339612972187929, "hi": 61.255966957741059, "width": 18.91635398555313, "n": 42 }, "geometry": { "type": "Polygon", "coordinates": [ [ [ 32.360514233664382, -18.746510198962334 ], [ 32.395345242792878, -18.733043157225378 ], [ 32.418095607369224, -18.767408787848776 ], [ 32.447738758595364, -18.740579721992454 ], [ 32.463367321819995, -18.763976513076869 ], [ 32.521082533722392, -18.762489769903745 ], [ 32.487804469175018, -18.781969354863062 ], [ 32.484076755393332, -18.838388213174781 ], [ 32.457694510208128, -18.862629077368709 ], [ 32.435665137072071, -18.869381598946436 ], [ 32.408985915142168, -18.943954311686912 ], [ 32.393586357636259, -18.965594971092099 ], [ 32.503962218255467, -18.941757121187941 ], [ 32.558037684798684, -18.952837954870489 ], [ 32.562157573389001, -18.971037345386886 ], [ 32.521852717805956, -18.972694480932763 ], [ 32.532831492423902, -19.053369494379645 ], [ 32.563859612256138, -19.047267918179656 ], [ 32.593882175925664, -19.03033721028406 ], [ 32.626098051819852, -19.030097223421471 ], [ 32.64410474575741, -19.048819104825071 ], [ 32.66725935490657, -19.046529439828653 ], [ 32.673776968262771, -19.057244881073309 ], [ 32.688933721927178, -19.046372379313954 ], [ 32.687470561263758, -19.019431620865618 ], [ 32.699354147781925, -19.023152784363155 ], [ 32.698082004880519, -19.001277434707021 ], [ 32.705401373610933, -18.990045565701021 ], [ 32.71430997616504, -19.000556478317655 ], [ 32.716864599780124, -19.023797351080169 ], [ 32.775562890200213, -19.025708546592458 ], [ 32.775573103146684, -19.018099982759495 ], [ 32.840653635301223, -19.009325107874048 ], [ 32.850902391308566, -19.061258173400311 ], [ 32.863151045971655, -19.075705273047415 ], [ 32.876368670212614, -19.072483025091312 ], [ 32.884734437908477, -19.102158286030331 ], [ 32.868510906098102, -19.137870010245337 ], [ 32.859104192210552, -19.222269436862227 ], [ 32.850769428968405, -19.225191661222656 ], [ 32.856109288105053, -19.278090680987351 ], [ 32.836567851250663, -19.310863174369256 ], [ 32.776628567011656, -19.354483495682395 ], [ 32.785623315306523, -19.371440781016744 ], [ 32.752360264302489, -19.382475624079241 ], [ 32.756732145601383, -19.409619681225536 ], [ 32.751109308167059, -19.419191407662812 ], [ 32.728381960224944, -19.436057689828417 ], [ 32.690068054280829, -19.44837563069429 ], [ 32.682153284875014, -19.473892565263164 ], [ 32.663331350952511, -19.482027467056444 ], [ 32.650932781841504, -19.497958204963457 ], [ 32.587927377756209, -19.508767827720352 ], [ 32.580128702126139, -19.499136112100771 ], [ 32.563700745198126, -19.498765746094158 ], [ 32.556339441313618, -19.50637256014317 ], [ 32.549022466593435, -19.497735239844182 ], [ 32.533467220268989, -19.497861568971814 ], [ 32.507485509614462, -19.512845871837481 ], [ 32.501511123680231, -19.550628022126293 ], [ 32.457629730896365, -19.653529191124424 ], [ 32.457427742908102, -19.672737639819047 ], [ 32.433651424123852, -19.684720548635706 ], [ 32.431442491993032, -19.699936697189798 ], [ 32.410234102669875, -19.723556481954915 ], [ 32.407880175265689, -19.737880561400903 ], [ 32.415470960976066, -19.748487358145805 ], [ 32.408410168706894, -19.770954049908227 ], [ 32.390493680895204, -19.772682184777214 ], [ 32.381391933368526, -19.747295277321374 ], [ 32.325294529800651, -19.73624946063941 ], [ 32.28660262536139, -19.707419299977929 ], [ 32.24984164693042, -19.625817158283386 ], [ 32.234892068126719, -19.609656941982756 ], [ 32.222373402347081, -19.538900599701524 ], [ 32.200637017435895, -19.524933550936296 ], [ 32.140572693099251, -19.421970775061851 ], [ 32.111314519379718, -19.401129204035296 ], [ 32.079666226031478, -19.311732725048319 ], [ 32.049376803433788, -19.291711827410687 ], [ 32.014916196646375, -19.21500410009131 ], [ 32.0398634658102, -19.154322473267261 ], [ 32.052601104923497, -19.15705767707086 ], [ 32.066046717990304, -19.14219153958582 ], [ 32.086779127773632, -19.139663341186612 ], [ 32.09093400574428, -19.127314398723446 ], [ 32.0814012707988, -19.111673209937145 ], [ 32.088313066698305, -19.089626526740524 ], [ 32.116434259830726, -19.063712540695445 ], [ 32.115259287693604, -19.047659316724836 ], [ 32.139439595030758, -19.028904877687982 ], [ 32.148858316698728, -18.99649339993482 ], [ 32.175426557165196, -18.981227226230455 ], [ 32.185611250716363, -18.927302099936846 ], [ 32.165027828319509, -18.903247264767174 ], [ 32.202185773172843, -18.902066163805642 ], [ 32.220165087358872, -18.866021022944828 ], [ 32.212718450708877, -18.828837552803147 ], [ 32.195609928324998, -18.803322601793635 ], [ 32.206805601168249, -18.773567316835127 ], [ 32.249631390848279, -18.787841399797323 ], [ 32.279709529691146, -18.760280277369311 ], [ 32.324874245808473, -18.74925641904294 ], [ 32.345167664183826, -18.726774687917494 ], [ 32.355723363743934, -18.725908619208489 ], [ 32.360514233664382, -18.746510198962334 ] ] ] } },
{ "type": "Feature", "properties": { "district": "mutare urban", "province": "Manicaland", "estimate": 24.186044821549849, "lo": 18.631500775068847, "hi": 30.582366853452402, "width": 11.950866078383555, "n": 95 }, "geometry": { "type": "Polygon", "coordinates": [ [ [ 32.691803882379055, -18.933045411974341 ], [ 32.711085996272182, -18.981889451850581 ], [ 32.700049097960438, -18.983475752749825 ], [ 32.705401373610933, -18.990045565701021 ], [ 32.698082004880519, -19.001277434707021 ], [ 32.699354147781925, -19.023152784363155 ], [ 32.687470561263758, -19.019431620865618 ], [ 32.688933721927178, -19.046372379313954 ], [ 32.673776968262771, -19.057244881073309 ], [ 32.66725935490657, -19.046529439828653 ], [ 32.64410474575741, -19.048819104825071 ], [ 32.626098051819852, -19.030097223421471 ], [ 32.593882175925664, -19.03033721028406 ], [ 32.563859612256138, -19.047267918179656 ], [ 32.532831492423902, -19.053369494379645 ], [ 32.521852717805956, -18.972694480932763 ], [ 32.562157573389001, -18.971037345386886 ], [ 32.558037684798684, -18.952837954870489 ], [ 32.660989757417134, -18.934682543842509 ], [ 32.691803882379055, -18.933045411974341 ] ] ] } },
{ "type": "Feature", "properties": { "district": "mutasa", "province": "Manicaland", "estimate": 52.486001458305111, "lo": 41.907572180077402, "hi": 62.876742346777149, "width": 20.969170166699747, "n": 27 }, "geometry": { "type": "Polygon", "coordinates": [ [ [ 32.989219304099628, -18.194917522273787 ], [ 33.00910474180894, -18.195022527052121 ], [ 33.018111488901063, -18.208676584338967 ], [ 33.022002384349051, -18.235634672263608 ], [ 33.015330574276, -18.244746379 ], [ 33.022993358159795, -18.249461742136592 ], [ 33.013697624837377, -18.269302280187635 ], [ 33.019705455947928, -18.276779858033048 ], [ 33.01098970282073, -18.279240049612607 ], [ 33.01945046466296, -18.287274670179233 ], [ 33.016043562625441, -18.295528308864224 ], [ 33.035445017704049, -18.318235061636294 ], [ 33.054513478086633, -18.316306910140256 ], [ 33.052118547979596, -18.331586092101112 ], [ 33.067178123693189, -18.346531245303019 ], [ 33.057199412040042, -18.379633805323614 ], [ 33.03954191211804, -18.380808898178497 ], [ 33.018923503035822, -18.419366878766539 ], [ 33.029948192344548, -18.428423576731699 ], [ 33.025763316931602, -18.466373505404651 ], [ 32.983047532246339, -18.492719543806253 ], [ 32.979839618722323, -18.47146090507373 ], [ 32.971302861203704, -18.472887016579119 ], [ 32.950055466132589, -18.491302440394666 ], [ 32.923906208897805, -18.50317435996098 ], [ 32.90931162093819, -18.497165899650533 ], [ 32.896539985981299, -18.510988967290899 ], [ 32.87591057074021, -18.517312458143895 ], [ 32.900522878795833, -18.54325845293436 ], [ 32.89125314810768, -18.574764881242643 ], [ 32.910280611177285, -18.587126828783695 ], [ 32.910402612274353, -18.611155678417493 ], [ 32.961850167048361, -18.683814255019204 ], [ 32.936936890134859, -18.768029725172287 ], [ 32.906915745803516, -18.791831555102018 ], [ 32.879801517392174, -18.798005034334871 ], [ 32.844806504638882, -18.776385382044875 ], [ 32.814587362635741, -18.778757570316092 ], [ 32.712364273768671, -18.828537407161591 ], [ 32.702785548673859, -18.841548406299022 ], [ 32.725039923737441, -18.871727712926251 ], [ 32.725142928161176, -18.899820863082745 ], [ 32.7402295054356, -18.925863851577024 ], [ 32.559109655207003, -18.952949962876041 ], [ 32.503962218255467, -18.941757121187941 ], [ 32.393586357636259, -18.965594971092099 ], [ 32.408985915142168, -18.943954311686912 ], [ 32.435665137072071, -18.869381598946436 ], [ 32.457694510208128, -18.862629077368709 ], [ 32.484076755393332, -18.838388213174781 ], [ 32.487804469175018, -18.781969354863062 ], [ 32.521082533722392, -18.762489769903745 ], [ 32.481730971217189, -18.758484351678749 ], [ 32.48599466301652, -18.69816845642293 ], [ 32.479933827710923, -18.670580338174087 ], [ 32.439475955797342, -18.601128006929191 ], [ 32.474711947015464, -18.561293932210965 ], [ 32.48767356936677, -18.522918972380598 ], [ 32.422364407887571, -18.481604802617365 ], [ 32.44571272525301, -18.399502460759258 ], [ 32.48249667989402, -18.38612841899965 ], [ 32.492132421059857, -18.436177282234603 ], [ 32.555328631803107, -18.437182344964 ], [ 32.582507857816793, -18.418477894695091 ], [ 32.601989313261349, -18.444901929973213 ], [ 32.577045024707651, -18.471173962280034 ], [ 32.59038865293855, -18.493537684161122 ], [ 32.634375416308622, -18.532208655341208 ], [ 32.648691008202235, -18.520763770008209 ], [ 32.651227943091037, -18.548593912841945 ], [ 32.659013721608574, -18.548078872366542 ], [ 32.679860136584644, -18.569952551612076 ], [ 32.695988677841932, -18.562871003281906 ], [ 32.697021650587132, -18.574396890100974 ], [ 32.704647435559288, -18.576697065876186 ], [ 32.75063211500332, -18.495338788909603 ], [ 32.80188166671563, -18.511147997030438 ], [ 32.816369244663633, -18.456656792763827 ], [ 32.811181384066337, -18.415166591757 ], [ 32.911413537667549, -18.37281830187986 ], [ 32.880881390280067, -18.311469565101415 ], [ 32.90402073435758, -18.303167918854424 ], [ 32.924608156952374, -18.335490414852782 ], [ 32.94228065604468, -18.329912980917189 ], [ 32.94938345084158, -18.304757033736514 ], [ 32.975868694162315, -18.263558841765747 ], [ 32.964238020227555, -18.248702692832691 ], [ 32.977298647702924, -18.231276341955422 ], [ 32.9895093027312, -18.234949624039729 ], [ 32.989219304099628, -18.194917522273787 ] ] ] } },
{ "type": "Feature", "properties": { "district": "nyanga", "province": "Manicaland", "estimate": 34.317784519305491, "lo": 25.165544238945163, "hi": 44.437872251313138, "width": 19.272328012367975, "n": 28 }, "geometry": { "type": "Polygon", "coordinates": [ [ [ 32.994324624793684, -17.245696484981249 ], [ 32.998885879937596, -17.30415595693492 ], [ 33.053060362384727, -17.342572969937532 ], [ 33.029765019569901, -17.361892492801669 ], [ 33.016688393099294, -17.391051786103464 ], [ 33.005888697633296, -17.395144109029939 ], [ 33.011107554599477, -17.417508864846937 ], [ 32.999640880696255, -17.440316657225221 ], [ 33.001887819648424, -17.450997495014164 ], [ 32.992137095024511, -17.45191656905687 ], [ 32.966758814187351, -17.477635590933531 ], [ 32.963829900322644, -17.497967186102041 ], [ 32.983814346749277, -17.557095818324314 ], [ 32.996028003947224, -17.566337539679903 ], [ 33.019843332971, -17.568809730254713 ], [ 33.053644385897023, -17.603024404087343 ], [ 33.046525586715013, -17.605859627174041 ], [ 33.046754585247236, -17.632504712660001 ], [ 33.021628298016964, -17.661101954041111 ], [ 33.015498479284055, -17.70746057929362 ], [ 33.027903130887836, -17.720017557640123 ], [ 33.011389595954306, -17.715773229062695 ], [ 33.006785728326534, -17.73111142793184 ], [ 33.005640761716577, -17.74169225496188 ], [ 33.016207465638921, -17.750828967145036 ], [ 33.029131100931785, -17.746449623062961 ], [ 33.030367067778378, -17.758266545961259 ], [ 33.017226439038751, -17.76365496816663 ], [ 33.021941308791199, -17.781671374090045 ], [ 33.011626601170647, -17.783287501729298 ], [ 33.019122391836362, -17.799880796005546 ], [ 32.99582604919663, -17.801138897914232 ], [ 32.984737361212126, -17.794156353740917 ], [ 32.960656043727688, -17.811273694353275 ], [ 32.967914844448401, -17.842116097864828 ], [ 32.949521370983796, -17.887495639151517 ], [ 32.953770254953966, -17.910715447002367 ], [ 32.977390587577325, -17.907497191914146 ], [ 32.983398419586216, -17.916748911693961 ], [ 32.973731692831251, -17.916994932808212 ], [ 32.967689871266955, -17.961685412957234 ], [ 32.952019313599401, -17.959334232346226 ], [ 32.937306732825533, -17.983042079346863 ], [ 32.955952208880177, -17.997972237631028 ], [ 32.938374708425798, -18.012202346886308 ], [ 32.935719787010918, -18.02991472382379 ], [ 32.950428370281763, -18.0256553912876 ], [ 32.94778544676582, -18.037999350961982 ], [ 32.959366122268484, -18.049944276970319 ], [ 32.947552456120469, -18.05000628422281 ], [ 32.964080993817596, -18.078003455745097 ], [ 32.959023138306506, -18.082784827811796 ], [ 32.970737808313586, -18.08841826425024 ], [ 32.970909806046073, -18.105615598837353 ], [ 32.981979493764015, -18.109949933318937 ], [ 32.97208777765794, -18.133619772331688 ], [ 32.982646482981004, -18.153534314587127 ], [ 32.998172043578549, -18.155683479177064 ], [ 33.009707720672012, -18.17432792331115 ], [ 33.009303735712336, -18.195058530236349 ], [ 32.989162305994853, -18.194921523009683 ], [ 32.9895093027312, -18.234949624039729 ], [ 32.977298647702924, -18.231276341955422 ], [ 32.964238020227555, -18.248702692832691 ], [ 32.975868694162315, -18.263558841765747 ], [ 32.94938345084158, -18.304757033736514 ], [ 32.94228065604468, -18.329912980917189 ], [ 32.924608156952374, -18.335490414852782 ], [ 32.90402073435758, -18.303167918854424 ], [ 32.880881390280067, -18.311469565101415 ], [ 32.911413537667549, -18.37281830187986 ], [ 32.811181384066337, -18.415166591757 ], [ 32.816369244663633, -18.456656792763827 ], [ 32.80188166671563, -18.511147997030438 ], [ 32.75063211500332, -18.495338788909603 ], [ 32.704647435559288, -18.576697065876186 ], [ 32.697021650587132, -18.574396890100974 ], [ 32.695988677841932, -18.562871003281906 ], [ 32.679860136584644, -18.569952551612076 ], [ 32.659013721608574, -18.548078872366542 ], [ 32.651227943091037, -18.548593912841945 ], [ 32.648691008202235, -18.520763770008209 ], [ 32.634375416308622, -18.532208655341208 ], [ 32.59038865293855, -18.493537684161122 ], [ 32.577045024707651, -18.471173962280034 ], [ 32.601989313261349, -18.444901929973213 ], [ 32.582507857816793, -18.418477894695091 ], [ 32.555328631803107, -18.437182344964 ], [ 32.492132421059857, -18.436177282234603 ], [ 32.48249667989402, -18.38612841899965 ], [ 32.446029715563959, -18.399515462298297 ], [ 32.440768857866637, -18.373007416377646 ], [ 32.409638742418721, -18.384637322068841 ], [ 32.424679302594349, -18.336177572924868 ], [ 32.453880472819229, -18.319021239187915 ], [ 32.420731402753376, -18.292799218581649 ], [ 32.402477904776326, -18.239766118389387 ], [ 32.379800538198324, -18.20918575394828 ], [ 32.389070271581446, -18.193544539912978 ], [ 32.436507921200281, -18.157112703346822 ], [ 32.460200250200423, -18.151270244400546 ], [ 32.486128505705651, -18.108478917754738 ], [ 32.551682644051027, -18.06649364204852 ], [ 32.574874977052204, -18.018607915825964 ], [ 32.570484099978337, -18.012370431675645 ], [ 32.585975651257534, -17.966330846787258 ], [ 32.60642106996886, -17.950647622081686 ], [ 32.58921053579963, -17.865748012929625 ], [ 32.547276701331498, -17.786382831390817 ], [ 32.55453948787715, -17.755157391765401 ], [ 32.538292943025802, -17.739548176270823 ], [ 32.549767609240135, -17.697748907306881 ], [ 32.540020872237747, -17.646618910670771 ], [ 32.57807179638246, -17.633733893687364 ], [ 32.582828651594632, -17.588562357140709 ], [ 32.612112424604824, -17.561166176149115 ], [ 32.627588759321469, -17.56968941977458 ], [ 32.639243238611229, -17.552723944881794 ], [ 32.645381387421757, -17.526192664031452 ], [ 32.639350219876732, -17.49857766178997 ], [ 32.733798371095141, -17.457828077621937 ], [ 32.733195380553973, -17.427384688347331 ], [ 32.758592655369483, -17.372007332816082 ], [ 32.77877608222483, -17.346947359777833 ], [ 32.825248767853665, -17.316615966104024 ], [ 32.843483254784331, -17.316695968897708 ], [ 32.870040500770038, -17.279135008680626 ], [ 32.907541445755079, -17.276579802243656 ], [ 32.924820957063396, -17.263215746853117 ], [ 32.962779888333102, -17.25956245279588 ], [ 32.994324624793684, -17.245696484981249 ] ] ] } },
{ "type": "Feature", "properties": { "district": "bindura", "province": "Mashonaland Central", "estimate": 45.093513748016335, "lo": 35.266912824720471, "hi": 55.601108914338106, "width": 20.334196089617635, "n": 31 }, "geometry": { "type": "Polygon", "coordinates": [ [ [ 31.277384175839153, -16.823452082906186 ], [ 31.371562183888681, -16.836350178688043 ], [ 31.351309325346705, -16.857500956769513 ], [ 31.35932519474785, -16.882842762152539 ], [ 31.385953518133764, -16.838446387769675 ], [ 31.403053245112719, -16.840362247911443 ], [ 31.37036255389533, -16.98124691409458 ], [ 31.379477422215039, -17.006811629723192 ], [ 31.344387308415897, -17.043420838992319 ], [ 31.365243730624226, -17.062533341329601 ], [ 31.405485601729424, -17.064986520235557 ], [ 31.434395801345552, -17.093097728838508 ], [ 31.4095138639574, -17.124432426893456 ], [ 31.439314589565821, -17.136934719088689 ], [ 31.421825439317953, -17.177443560949094 ], [ 31.474479898642457, -17.176698238317545 ], [ 31.473477086832911, -17.203732183108706 ], [ 31.495374131839384, -17.20467050912314 ], [ 31.495067166727015, -17.271829799287186 ], [ 31.470575854553651, -17.272295844631046 ], [ 31.460639155309721, -17.323940912879028 ], [ 31.432078959091228, -17.327042167597074 ], [ 31.408739636556728, -17.381257439108992 ], [ 31.424867185175628, -17.383401602255528 ], [ 31.430727014351564, -17.367409342820231 ], [ 31.425258070003512, -17.355972859995067 ], [ 31.431419250719614, -17.352097483154299 ], [ 31.470064903599823, -17.358382617999272 ], [ 31.473529813448504, -17.375124933349444 ], [ 31.451758428377214, -17.38109140984956 ], [ 31.45835925088155, -17.404811272420261 ], [ 31.478176692412042, -17.399763868045827 ], [ 31.480331634895972, -17.407804498949986 ], [ 31.468725962872199, -17.413175924790913 ], [ 31.472520860755662, -17.424303797646992 ], [ 31.461178189395948, -17.446268526639201 ], [ 31.473222852827732, -17.453857118052195 ], [ 31.458518288619455, -17.509140461279252 ], [ 31.508719872907843, -17.502079889406868 ], [ 31.505906957597421, -17.51784812698012 ], [ 31.473863877139745, -17.558855353192286 ], [ 31.469481010343227, -17.582846235182462 ], [ 31.458628307088937, -17.562542648228213 ], [ 31.374522702281727, -17.628756865776001 ], [ 31.335243800008243, -17.608328282196062 ], [ 31.308602565136763, -17.643403037970987 ], [ 31.280651352120714, -17.64376407737948 ], [ 31.285188212614788, -17.617711035680642 ], [ 31.276802436742582, -17.590130879296009 ], [ 31.307341534395412, -17.487010782679246 ], [ 31.227836765401868, -17.473683768589826 ], [ 31.138004279385832, -17.444765534818682 ], [ 31.148515971378519, -17.416311295717431 ], [ 31.147857973399226, -17.379392394786482 ], [ 31.116262834264671, -17.319813723200181 ], [ 31.131763399239446, -17.319856719873464 ], [ 31.140654108251383, -17.228186497964941 ], [ 31.131201374570153, -17.230879713681393 ], [ 31.127192468341601, -17.186540220770915 ], [ 31.119585678246136, -17.179634680076127 ], [ 31.133257281387287, -17.148697233772054 ], [ 31.137112150799112, -17.100672441612716 ], [ 31.170072215329181, -17.076052485185635 ], [ 31.182575851395772, -17.044261968028934 ], [ 31.206350176818397, -17.028463710046523 ], [ 31.219645792792317, -17.003086697873425 ], [ 31.21277997716064, -16.984002191887061 ], [ 31.202061334886086, -16.983239521138561 ], [ 31.199089336922007, -16.925788590858808 ], [ 31.236304278083484, -16.890808805572409 ], [ 31.239110191924588, -16.873515434981098 ], [ 31.253108799795438, -16.864567098165367 ], [ 31.249593134234914, -16.855120433148837 ], [ 31.260607904346259, -16.832415709896274 ], [ 31.265690079947028, -16.839397362365304 ], [ 31.276545084685083, -16.83403693990569 ], [ 31.277384175839153, -16.823452082906186 ] ], [ [ 31.318696129992247, -17.285275924252055 ], [ 31.318379157647616, -17.330972520063785 ], [ 31.347974321769556, -17.32174778314582 ], [ 31.358080046220703, -17.341492331606538 ], [ 31.369383727103845, -17.338383083007979 ], [ 31.364306859648078, -17.316679377799499 ], [ 31.347391632255448, -17.311156733221132 ], [ 31.346170353762091, -17.277190276766493 ], [ 31.318696129992247, -17.285275924252055 ] ] ] } },
{ "type": "Feature", "properties": { "district": "bindura urban", "province": "Mashonaland Central", "estimate": 30.472462860680228, "lo": 22.684684521434725, "hi": 39.026187130076913, "width": 16.341502608642188, "n": 51 }, "geometry": { "type": "Polygon", "coordinates": [ [ [ 31.365016613164197, -17.319713837816497 ], [ 31.369383727103845, -17.338383083007979 ], [ 31.358080046220703, -17.341492331606538 ], [ 31.347974321769556, -17.32174778314582 ], [ 31.318379157647616, -17.330972520063785 ], [ 31.318696129992247, -17.285275924252055 ], [ 31.346170353762091, -17.277190276766493 ], [ 31.347391632255448, -17.311156733221132 ], [ 31.365016613164197, -17.319713837816497 ] ] ] } },
{ "type": "Feature", "properties": { "district": "centenary/ muzarabani", "province": "Mashonaland Central", "estimate": 60.539101313318952, "lo": 50.029458899123256, "hi": 70.183845520748477, "width": 20.154386621625221, "n": 29 }, "geometry": { "type": "Polygon", "coordinates": [ [ [ 31.143954488960947, -15.98465257780459 ], [ 31.180469470937865, -15.988690889125893 ], [ 31.186571307149656, -16.004672168703884 ], [ 31.225051234334654, -16.007115350590279 ], [ 31.238127866195125, -16.000587821664357 ], [ 31.249462553328609, -16.009604541331196 ], [ 31.275475823595706, -16.002132932404795 ], [ 31.293994312903425, -16.017498159137261 ], [ 31.298953172273588, -16.01013156578394 ], [ 31.305778982332402, -16.012912786295672 ], [ 31.343920930069888, -16.045795409606466 ], [ 31.338642085405631, -16.066557076663106 ], [ 31.397272463190223, -16.10906746389503 ], [ 31.404308276904604, -16.135558582730255 ], [ 31.413139032354472, -16.140334962680338 ], [ 31.423825729639209, -16.133289394867841 ], [ 31.434975422214659, -16.140930002615249 ], [ 31.434573436006485, -16.150250748982508 ], [ 31.424166729222733, -16.156272235078351 ], [ 31.46415364587391, -16.249819706749012 ], [ 31.431447577295483, -16.29414626097892 ], [ 31.511803397612784, -16.480221082813049 ], [ 31.461118603244866, -16.468251134911476 ], [ 31.373377582059859, -16.466462647972545 ], [ 31.352166059412959, -16.452238926691024 ], [ 31.287863871638049, -16.478017030187971 ], [ 31.349687323676463, -16.516143274426714 ], [ 31.313464531322097, -16.547646307237592 ], [ 31.324824479081357, -16.562189030133581 ], [ 31.286620817083843, -16.597075531692838 ], [ 31.291470615588622, -16.608962412030223 ], [ 31.323095734199139, -16.617455075652547 ], [ 31.296556184126199, -16.65019655026007 ], [ 31.311146576055105, -16.670105836599809 ], [ 31.300250607241789, -16.680432402739715 ], [ 31.280332504093824, -16.647715909245829 ], [ 31.242584375980268, -16.66819295018983 ], [ 31.275923093877296, -16.711765589950573 ], [ 31.290993668563249, -16.705404078859232 ], [ 31.282874901637875, -16.719944236707811 ], [ 31.287030789314908, -16.727112804000985 ], [ 31.298634460790549, -16.721200330143482 ], [ 31.32482373886954, -16.75178074893012 ], [ 31.285056956175396, -16.788346741171189 ], [ 31.27136267865815, -16.784835718583636 ], [ 31.072667248573357, -16.839114644033454 ], [ 30.9762695519658, -16.852084842606256 ], [ 30.869451528318237, -16.812277732846137 ], [ 30.936420636305257, -16.779150075632764 ], [ 30.957702030813259, -16.759393498617946 ], [ 30.964251823619541, -16.707910408094843 ], [ 30.979878371923029, -16.676562911250628 ], [ 30.946191299036919, -16.639398969732483 ], [ 30.869191452568806, -16.637084818956652 ], [ 30.835017393984035, -16.602071049322138 ], [ 30.801259343410688, -16.610343722042469 ], [ 30.847651019865509, -16.559480654353223 ], [ 30.824980651163543, -16.551850056423415 ], [ 30.831601453996431, -16.52561096299112 ], [ 30.816380872336179, -16.509144657981285 ], [ 30.817749826675755, -16.494863518652984 ], [ 30.799327326847703, -16.462307931743794 ], [ 30.81396390925018, -16.442621355574794 ], [ 30.794923433185378, -16.426016039900372 ], [ 30.794826423219533, -16.39824682419496 ], [ 30.852750764716674, -16.315267173345543 ], [ 30.894711593559016, -16.31779435738569 ], [ 30.922126823167499, -16.307455519761035 ], [ 30.920499862796877, -16.296237623948777 ], [ 30.959839757983147, -16.283451586084876 ], [ 30.952027975933074, -16.28250951386859 ], [ 30.954933886638354, -16.264954109271123 ], [ 30.970545449246238, -16.260872775703206 ], [ 30.963270647733701, -16.250924983923291 ], [ 30.977644242048555, -16.242909336703804 ], [ 30.97168040233576, -16.226919059646015 ], [ 30.981405116240627, -16.194411455123475 ], [ 31.010755284631756, -16.168417362269505 ], [ 31.041517424088166, -16.164045999803569 ], [ 31.066777712111048, -16.148644757096427 ], [ 31.069474631562063, -16.137876892940834 ], [ 31.083564238771213, -16.140597105891061 ], [ 31.085485181801719, -16.131303359649966 ], [ 31.116358321586208, -16.137597852765111 ], [ 31.116280314581893, -16.116251142853891 ], [ 31.139129677994116, -16.117005193757834 ], [ 31.130078908063183, -16.062087796305072 ], [ 31.145266476636738, -16.046095508174886 ], [ 31.121746134589383, -16.049040753099437 ], [ 31.138074669574991, -16.025558862758668 ], [ 31.112928372371773, -16.026697964239744 ], [ 31.115334297857885, -16.009795606571764 ], [ 31.088111060683481, -16.016418149404384 ], [ 31.087386078926706, -16.012160807711258 ], [ 31.106663534156727, -15.995813488110684 ], [ 31.143954488960947, -15.98465257780459 ] ] ] } },
{ "type": "Feature", "properties": { "district": "guruve", "province": "Mashonaland Central", "estimate": 37.288339189427674, "lo": 27.58069090358029, "hi": 47.887322440624018, "width": 20.306631537043728, "n": 29 }, "geometry": { "type": "Polygon", "coordinates": [ [ [ 30.433742494309381, -16.351578264370648 ], [ 30.494562794076597, -16.351359216914702 ], [ 30.548301300759988, -16.369449636805609 ], [ 30.623192211961342, -16.377289227730074 ], [ 30.646949559225032, -16.400469066830304 ], [ 30.715528637745646, -16.39402952290564 ], [ 30.792226503852898, -16.416585289164093 ], [ 30.81396390925018, -16.442621355574794 ], [ 30.799327326847703, -16.462307931743794 ], [ 30.817749826675755, -16.494863518652984 ], [ 30.816380872336179, -16.509144657981285 ], [ 30.831547455366408, -16.525339942273821 ], [ 30.824980651163543, -16.551850056423415 ], [ 30.847651019865509, -16.559480654353223 ], [ 30.801259343410688, -16.610343722042469 ], [ 30.835017393984035, -16.602071049322138 ], [ 30.869191452568806, -16.637084818956652 ], [ 30.946191299036919, -16.639398969732483 ], [ 30.979878371923029, -16.676562911250628 ], [ 30.964251823619541, -16.707910408094843 ], [ 30.957702030813259, -16.759393498617946 ], [ 30.936420636305257, -16.779150075632764 ], [ 30.869451528318237, -16.812277732846137 ], [ 30.860198810823228, -16.862499719393959 ], [ 30.840605369598713, -16.883379382040328 ], [ 30.83797745064296, -16.89853258266427 ], [ 30.808320290190014, -16.914894891831445 ], [ 30.76904342799056, -16.988658748305443 ], [ 30.760640690129179, -17.043476086262764 ], [ 30.739078304396958, -17.061293504243523 ], [ 30.692113615978613, -17.050812698126482 ], [ 30.669305263354044, -17.063163683578647 ], [ 30.663021424872476, -17.036174554064402 ], [ 30.64059105996327, -17.048090506941943 ], [ 30.6334502493619, -17.02509369201179 ], [ 30.598360236174106, -17.031266197148557 ], [ 30.576917848295839, -17.051811830697424 ], [ 30.544675752375205, -17.050287725578436 ], [ 30.536898942637499, -16.998005597096824 ], [ 30.552361500790898, -16.981509284298586 ], [ 30.548684599314949, -16.972669586073842 ], [ 30.529571132438384, -16.96646510482076 ], [ 30.533884007897818, -16.961369699056441 ], [ 30.520830366620455, -16.937085995035144 ], [ 30.525274214651677, -16.884535831656716 ], [ 30.517969412103632, -16.870412716247703 ], [ 30.524101231384627, -16.853260354045389 ], [ 30.503117147794697, -16.833694368255049 ], [ 30.503744773734251, -16.817114401244542 ], [ 30.484464309148063, -16.791447472000762 ], [ 30.527918059839205, -16.730001573955818 ], [ 30.5182323283261, -16.723793086066404 ], [ 30.510326534886644, -16.695883872823753 ], [ 30.514585409021091, -16.681808752319419 ], [ 30.501770763626734, -16.685258817301943 ], [ 30.497532877730613, -16.675849070997739 ], [ 30.4027495147743, -16.647112833113688 ], [ 30.394752725589836, -16.622965915693676 ], [ 30.3725243333976, -16.594507661977275 ], [ 30.385936942360864, -16.564730285197392 ], [ 30.380259095691848, -16.55514052469313 ], [ 30.388335855597891, -16.529782500662538 ], [ 30.406886329421287, -16.513767216092837 ], [ 30.403783402902885, -16.489219261148794 ], [ 30.41603003994986, -16.450490166855648 ], [ 30.406289306388562, -16.437946171299131 ], [ 30.418501961066649, -16.43175067107455 ], [ 30.438171391679301, -16.393827634903435 ], [ 30.417467949869032, -16.355103553283467 ], [ 30.41975487822442, -16.339112275170365 ], [ 30.42825364059976, -16.339072268101035 ], [ 30.433742494309381, -16.351578264370648 ] ] ] } },
{ "type": "Feature", "properties": { "district": "mazowe", "province": "Mashonaland Central", "estimate": 49.865880407129133, "lo": 41.202325037459282, "hi": 58.532988296285147, "width": 17.330663258825865, "n": 54 }, "geometry": { "type": "Polygon", "coordinates": [ [ [ 31.277384175839153, -16.823452082906186 ], [ 31.265690079947028, -16.839397362365304 ], [ 31.260607904346259, -16.832415709896274 ], [ 31.249593134234914, -16.855120433148837 ], [ 31.253108799795438, -16.864567098165367 ], [ 31.239110191924588, -16.873515434981098 ], [ 31.236304278083484, -16.890808805572409 ], [ 31.199089336922007, -16.925788590858808 ], [ 31.202061334886086, -16.983239521138561 ], [ 31.217326852971819, -16.991318769017361 ], [ 31.216918874102372, -17.014907634135248 ], [ 31.182575851395772, -17.044261968028934 ], [ 31.170072215329181, -17.076052485185635 ], [ 31.137112150799112, -17.100672441612716 ], [ 31.133257281387287, -17.148697233772054 ], [ 31.120668644931836, -17.17351419686916 ], [ 31.131201374570153, -17.230879713681393 ], [ 31.140654108251383, -17.228186497964941 ], [ 31.131763399239446, -17.319856719873464 ], [ 31.116261834439765, -17.320118746633479 ], [ 31.147857973399226, -17.379392394786482 ], [ 31.149390941245045, -17.404285351125523 ], [ 31.137951277885779, -17.439871151411719 ], [ 31.145651066969354, -17.452354127957715 ], [ 31.116180906114113, -17.475075924040894 ], [ 31.125446653672341, -17.492405279987938 ], [ 31.108453138102707, -17.506179367124961 ], [ 31.108829131558135, -17.516860204824976 ], [ 31.12083279767695, -17.524973835656297 ], [ 31.114799976333494, -17.542748232074185 ], [ 31.063870701867721, -17.543916530707751 ], [ 31.05843059613527, -17.616286018286385 ], [ 31.051783781685, -17.612842750593174 ], [ 31.067612345824514, -17.634457436794381 ], [ 31.052250781665244, -17.641304979138923 ], [ 31.073952191569131, -17.687000544588738 ], [ 31.08167344859136, -17.730409842948834 ], [ 31.046324442123968, -17.740228606733414 ], [ 31.025913889723789, -17.727099839272093 ], [ 31.026176501417293, -17.739179314042484 ], [ 30.995628228372148, -17.737134642092879 ], [ 30.962545716282346, -17.713912519874448 ], [ 30.955354523668262, -17.660521724915331 ], [ 30.930486877577934, -17.6621141166518 ], [ 30.92852577536264, -17.700605843896849 ], [ 30.844607631887243, -17.650495790696347 ], [ 30.837489838818382, -17.662731751577244 ], [ 30.789851167798503, -17.639969993409068 ], [ 30.760071988282224, -17.60429821313069 ], [ 30.785424251213772, -17.557695550258803 ], [ 30.728485850266843, -17.552612178096396 ], [ 30.691245900906146, -17.559635747257165 ], [ 30.611492392003708, -17.551942411017247 ], [ 30.619523868734639, -17.454957771595996 ], [ 30.632350483281893, -17.406341948392122 ], [ 30.617734871151409, -17.362844535592405 ], [ 30.668480381751095, -17.251236523078379 ], [ 30.671445292905897, -17.240974712715445 ], [ 30.655140749226572, -17.236198344406315 ], [ 30.681956985796887, -17.217721874633373 ], [ 30.71830867561474, -17.155798935012648 ], [ 30.738874989597022, -17.061296005874659 ], [ 30.760640690129179, -17.043476086262764 ], [ 30.76904342799056, -16.988658748305443 ], [ 30.808320290190014, -16.914894891831445 ], [ 30.83797745064296, -16.89853258266427 ], [ 30.840605369598713, -16.883379382040328 ], [ 30.860198810823228, -16.862499719393959 ], [ 30.86977151900221, -16.812427743950227 ], [ 30.979652476171768, -16.852035086102202 ], [ 31.072667248573357, -16.839114644033454 ], [ 31.27136267865815, -16.784835718583636 ], [ 31.285056956175396, -16.788346741171189 ], [ 31.252891447022566, -16.82018853095855 ], [ 31.277384175839153, -16.823452082906186 ] ], [ [ 30.846114286281917, -17.031642111578822 ], [ 30.859630907578644, -17.032342161937496 ], [ 30.863435795626398, -17.02202234423935 ], [ 30.84055043402579, -17.01418273473994 ], [ 30.846114286281917, -17.031642111578822 ] ] ] } },
{ "type": "Feature", "properties": { "district": "mbire", "province": "Mashonaland Central", "estimate": 61.225002568719098, "lo": 48.515232643711492, "hi": 72.86607143141741, "width": 24.350838787705918, "n": 11 }, "geometry": { "type": "Polygon", "coordinates": [ [ [ 30.422398441341365, -15.618543416755186 ], [ 30.421902097892072, -16.000803465918846 ], [ 30.914886887067819, -15.99636060792778 ], [ 30.947722976902099, -16.009953686098566 ], [ 30.95805869521881, -16.026281992073759 ], [ 30.955229778218225, -16.034398644396834 ], [ 30.988486859917181, -16.059472642370689 ], [ 31.017060058351067, -16.049755851407934 ], [ 31.028513727343945, -16.021593586819169 ], [ 31.051819073797741, -16.017599257622749 ], [ 31.063634736900635, -15.999584807592973 ], [ 31.065038705773333, -16.018198301017726 ], [ 31.115334297857885, -16.009795606571764 ], [ 31.112928372371773, -16.026697964239744 ], [ 31.138074669574991, -16.025558862758668 ], [ 31.121746134589383, -16.049040753099437 ], [ 31.145266476636738, -16.046095508174886 ], [ 31.130078908063183, -16.062087796305072 ], [ 31.139129677994116, -16.117005193757834 ], [ 31.116280314581893, -16.116251142853891 ], [ 31.116358321586208, -16.137597852765111 ], [ 31.085485181801719, -16.131303359649966 ], [ 31.083564238771213, -16.140597105891061 ], [ 31.069474631562063, -16.137876892940834 ], [ 31.066777712111048, -16.148644757096427 ], [ 31.041517424088166, -16.164045999803569 ], [ 31.010755284631756, -16.168417362269505 ], [ 30.981405116240627, -16.194411455123475 ], [ 30.97168040233576, -16.226919059646015 ], [ 30.977644242048555, -16.242909336703804 ], [ 30.963270647733701, -16.250924983923291 ], [ 30.970545449246238, -16.260872775703206 ], [ 30.954933886638354, -16.264954109271123 ], [ 30.952027975933074, -16.28250951386859 ], [ 30.959839757983147, -16.283451586084876 ], [ 30.920499862796877, -16.296237623948777 ], [ 30.922126823167499, -16.307455519761035 ], [ 30.894711593559016, -16.31779435738569 ], [ 30.852750764716674, -16.315267173345543 ], [ 30.847623914998508, -16.328259213082838 ], [ 30.838057183311097, -16.331057441334121 ], [ 30.841792080920083, -16.335981833013786 ], [ 30.835303262161982, -16.335503796806439 ], [ 30.830290411348351, -16.354752336755983 ], [ 30.806558083961914, -16.374980962210198 ], [ 30.792530496439966, -16.416862311186918 ], [ 30.715528637745646, -16.39402952290564 ], [ 30.646949559225032, -16.400469066830304 ], [ 30.622094241613762, -16.37695720185366 ], [ 30.548301300759988, -16.369449636805609 ], [ 30.492439853176368, -16.351048193085472 ], [ 30.432983514912369, -16.351572264124691 ], [ 30.427952649284027, -16.338924255665702 ], [ 30.320895644126793, -16.335340244042417 ], [ 30.314977799953219, -16.317775844017312 ], [ 30.301678167611737, -16.311612358178678 ], [ 30.294897332605995, -16.276748351780682 ], [ 30.276686837879993, -16.269988820030608 ], [ 30.254190476441948, -16.276228553204856 ], [ 30.235003006352319, -16.264949661208458 ], [ 30.207113790565746, -16.276251578666418 ], [ 30.206892810395725, -16.299610445734515 ], [ 30.214256608901731, -16.309566237675345 ], [ 30.205666852578002, -16.315635727737771 ], [ 30.210335730384514, -16.329031795959356 ], [ 30.197606096158751, -16.348978395084515 ], [ 30.163883042152424, -16.354750873998448 ], [ 30.14424059782927, -16.368792004836372 ], [ 30.09128407999081, -16.372450324728835 ], [ 30.08121137132132, -16.389123660620456 ], [ 30.083407318304648, -16.403635818156623 ], [ 30.049520874222971, -16.38657524371774 ], [ 30.063551825935615, -16.332836953753418 ], [ 30.091706024968069, -16.307011875067662 ], [ 30.090063026076489, -16.22800255739239 ], [ 30.141485562769549, -16.17777851035018 ], [ 30.139717602831944, -16.161070172985017 ], [ 30.127861935054582, -16.162409285669689 ], [ 30.124732027636597, -16.172763116929811 ], [ 30.113944325578036, -16.167231679684729 ], [ 30.118915184643726, -16.163605386223466 ], [ 30.099054720997827, -16.131088792233825 ], [ 30.104175575359758, -16.124727279052301 ], [ 30.087460038065064, -16.118435784184193 ], [ 30.085829075699863, -16.104711684702213 ], [ 30.078291284303095, -16.101306414588439 ], [ 30.089073969270874, -16.074771282349467 ], [ 30.099012689724098, -16.072871124812448 ], [ 30.099422666446756, -16.049428244052912 ], [ 30.110090365261506, -16.044071808705265 ], [ 30.093559827016371, -16.044308836267746 ], [ 30.09257684821171, -16.034040013400698 ], [ 30.087285999360368, -16.038917407347288 ], [ 30.073996366166345, -16.032922932760986 ], [ 30.058905777016044, -16.016252602735712 ], [ 30.061152706086773, -16.000821363079808 ], [ 30.046264121992682, -16.002269487331471 ], [ 30.051545967029959, -15.988289362117868 ], [ 30.15128214908399, -15.918896736044561 ], [ 30.334518960127003, -15.750298311852138 ], [ 30.313075540084604, -15.716821626160064 ], [ 30.286327277235387, -15.701680419403443 ], [ 30.285436874312371, -15.644608670404239 ], [ 30.321763254995172, -15.643020438649629 ], [ 30.354565346290752, -15.652301172322778 ], [ 30.422398441341365, -15.618543416755186 ] ] ] } },
{ "type": "Feature", "properties": { "district": "mount darwin", "province": "Mashonaland Central", "estimate": 56.055082791880338, "lo": 46.814424306485655, "hi": 65.108458659462315, "width": 18.294034352976659, "n": 43 }, "geometry": { "type": "Polygon", "coordinates": [ [ [ 31.426785656940812, -16.159131462938952 ], [ 31.4906798703379, -16.154901102993062 ], [ 31.499590626153726, -16.16907723515563 ], [ 31.517365127149873, -16.162467698811415 ], [ 31.537685563255735, -16.173687591334559 ], [ 31.557426011081553, -16.172577495426339 ], [ 31.561764892768462, -16.182538290698361 ], [ 31.596048932991803, -16.177935911824303 ], [ 31.612741468923836, -16.184547436002038 ], [ 31.627290060445933, -16.176773809189999 ], [ 31.646588526372149, -16.192484060264583 ], [ 31.666261974250826, -16.188281717135673 ], [ 31.715231608060229, -16.196780381875371 ], [ 31.736517017139239, -16.208955349835243 ], [ 31.736569018814411, -16.22010124086701 ], [ 31.777332884761552, -16.236324526143036 ], [ 31.782356748022274, -16.249737596663174 ], [ 31.797010340024681, -16.253417886605227 ], [ 31.795807377281605, -16.263103661807449 ], [ 31.815049840436398, -16.267508008238572 ], [ 31.812768905640635, -16.273768509128452 ], [ 31.822621632168417, -16.279759985183979 ], [ 31.814513860622139, -16.287391597784548 ], [ 31.828315476036032, -16.291088889002562 ], [ 31.829637443994692, -16.30485898940664 ], [ 31.844403028963551, -16.300942671247213 ], [ 31.849050902362116, -16.310223411998127 ], [ 31.879160062726722, -16.32072924203873 ], [ 31.87790310135362, -16.328071828841654 ], [ 31.891261726059891, -16.325011580376032 ], [ 31.899114509016119, -16.332563181279426 ], [ 31.903964382081057, -16.362249550117816 ], [ 31.913728110717045, -16.370172179578841 ], [ 31.905814339339535, -16.392016924620236 ], [ 31.915027086295979, -16.406712095088373 ], [ 32.038287644732073, -16.43997271302144 ], [ 32.058848070257632, -16.43928465265974 ], [ 32.047980380409435, -16.461165400423152 ], [ 31.986739097760559, -16.469795105108645 ], [ 31.974152459158322, -16.499118445252364 ], [ 31.94866217637156, -16.508313184323008 ], [ 31.935896538567484, -16.527094683968638 ], [ 31.957711933002884, -16.543141954639793 ], [ 31.950836127206898, -16.54938545389939 ], [ 31.92799676563704, -16.545191126757665 ], [ 31.90741634720651, -16.561046395072566 ], [ 31.944725312333865, -16.59246988526602 ], [ 31.948080224374305, -16.613183530985058 ], [ 31.973445518267376, -16.627886693167355 ], [ 31.960133899704999, -16.658843158081908 ], [ 31.965508752713532, -16.669402995221105 ], [ 31.978522390214724, -16.676918588632422 ], [ 32.011507711777327, -16.658570289730648 ], [ 32.015045598064731, -16.671908283774883 ], [ 32.027013951409742, -16.667877917717121 ], [ 32.035357821772259, -16.759777152161107 ], [ 32.05116938619333, -16.786289250913459 ], [ 32.04043169873642, -16.826920475625865 ], [ 32.007625625209009, -16.842970756883979 ], [ 31.941887464282726, -16.828240608816721 ], [ 31.881075170301145, -16.828893678423643 ], [ 31.873785372313243, -16.818582863404341 ], [ 31.838729360358887, -16.834110104584035 ], [ 31.822921800627338, -16.826692521672843 ], [ 31.780844992993572, -16.861141265180745 ], [ 31.776618107866362, -16.852643592614708 ], [ 31.757531643448889, -16.851291491584817 ], [ 31.750287849983284, -16.860390215039381 ], [ 31.754216745066131, -16.877246549044781 ], [ 31.707120069877998, -16.886965334000227 ], [ 31.703145186442519, -16.898975286659841 ], [ 31.689225576417709, -16.898816278777119 ], [ 31.686082668580955, -16.911148255986067 ], [ 31.661234365015336, -16.90758498233313 ], [ 31.620000653225137, -16.922905431915414 ], [ 31.593067293409774, -16.908705687315525 ], [ 31.613015699427223, -16.856038915067067 ], [ 31.567595984838437, -16.890005622116242 ], [ 31.55101945913886, -16.913967524993698 ], [ 31.500658846994007, -16.848351343818454 ], [ 31.385953518133764, -16.838446387769675 ], [ 31.35932519474785, -16.882842762152539 ], [ 31.351309325346705, -16.857500956769513 ], [ 31.371562183888681, -16.836350178688043 ], [ 31.252891447022566, -16.82018853095855 ], [ 31.32482173921974, -16.75170274231716 ], [ 31.298634460790549, -16.721200330143482 ], [ 31.287030789314908, -16.727112804000985 ], [ 31.282874901637875, -16.719944236707811 ], [ 31.290993668563249, -16.705404078859232 ], [ 31.275923093877296, -16.711765589950573 ], [ 31.271980199449093, -16.700247676282956 ], [ 31.266344358901051, -16.703925970929472 ], [ 31.251764476362659, -16.68840719834289 ], [ 31.242603389721562, -16.666110025279721 ], [ 31.278779468782872, -16.648012827865667 ], [ 31.280332504093824, -16.647715909245829 ], [ 31.300250607241789, -16.680432402739715 ], [ 31.311146576055105, -16.670105836599809 ], [ 31.296556184126199, -16.65019655026007 ], [ 31.323095734199139, -16.617455075652547 ], [ 31.291470615588622, -16.608962412030223 ], [ 31.286620817083843, -16.597075531692838 ], [ 31.324824479081357, -16.562189030133581 ], [ 31.313464531322097, -16.547646307237592 ], [ 31.349687323676463, -16.516143274426714 ], [ 31.287863871638049, -16.478017030187971 ], [ 31.352166059412959, -16.452238926691024 ], [ 31.373377582059859, -16.466462647972545 ], [ 31.461118603244866, -16.468251134911476 ], [ 31.511803397612784, -16.480221082813049 ], [ 31.431447577295483, -16.29414626097892 ], [ 31.46415364587391, -16.249819706749012 ], [ 31.426785656940812, -16.159131462938952 ] ] ] } },
{ "type": "Feature", "properties": { "district": "mvurwi", "province": "Mashonaland Central", "estimate": 34.422159211941597, "lo": 22.540717028126508, "hi": 48.219236433802003, "width": 25.678519405675495, "n": 8 }, "geometry": { "type": "Polygon", "coordinates": [ [ [ 30.84055043402579, -17.01418273473994 ], [ 30.863435795626398, -17.02202234423935 ], [ 30.859630907578644, -17.032342161937496 ], [ 30.843890347794254, -17.030902055199036 ], [ 30.84055043402579, -17.01418273473994 ] ] ] } },
{ "type": "Feature", "properties": { "district": "rushinga", "province": "Mashonaland Central", "estimate": 43.988996140631833, "lo": 31.979585161354585, "hi": 55.8964144435786, "width": 23.916829282224015, "n": 16 }, "geometry": { "type": "Polygon", "coordinates": [ [ [ 32.264405312182987, -16.430673914243108 ], [ 32.404804388648635, -16.466347725040574 ], [ 32.568824808342306, -16.528452636634956 ], [ 32.712729789274611, -16.596684038617056 ], [ 32.702328095988463, -16.675137277023264 ], [ 32.756796667096665, -16.702184910102126 ], [ 32.732837250097951, -16.724122161361905 ], [ 32.692596382410905, -16.739690404879202 ], [ 32.680096733067536, -16.741298535415332 ], [ 32.648999601061874, -16.721820995154406 ], [ 32.593734156024716, -16.741779589784233 ], [ 32.527467008668651, -16.71901579696042 ], [ 32.509984496970738, -16.704575654256907 ], [ 32.460173891833357, -16.696944057882835 ], [ 32.390042864064846, -16.718845813317493 ], [ 32.370885400400532, -16.715936587201092 ], [ 32.339354291382818, -16.742784726346574 ], [ 32.272332172014202, -16.747302099973417 ], [ 32.228067424081161, -16.783914016409675 ], [ 32.200491192119209, -16.766880671756997 ], [ 32.162948249097994, -16.778613611895501 ], [ 32.153499517411376, -16.78880342297894 ], [ 32.110123735096963, -16.794456883013318 ], [ 32.09261922994596, -16.809816105634656 ], [ 32.051772374039587, -16.803683630690205 ], [ 32.046168529685339, -16.798259201835176 ], [ 32.050357407991186, -16.782311936210402 ], [ 32.03389286088499, -16.752505576229964 ], [ 32.027013951409742, -16.667877917717121 ], [ 32.015045598064731, -16.671908283774883 ], [ 32.011507711777327, -16.658570289730648 ], [ 31.978522390214724, -16.676918588632422 ], [ 31.965508752713532, -16.669402995221105 ], [ 31.960133899704999, -16.658843158081908 ], [ 31.973445518267376, -16.627886693167355 ], [ 31.948080224374305, -16.613183530985058 ], [ 31.944725312333865, -16.59246988526602 ], [ 31.90741634720651, -16.561046395072566 ], [ 31.92799676563704, -16.545191126757665 ], [ 31.950836127206898, -16.54938545389939 ], [ 31.957711933002884, -16.543141954639793 ], [ 31.935896538567484, -16.527094683968638 ], [ 31.94866217637156, -16.508313184323008 ], [ 31.974152459158322, -16.499118445252364 ], [ 31.986739097760559, -16.469795105108645 ], [ 32.047980380409435, -16.461165400423152 ], [ 32.058882068796187, -16.4392656511022 ], [ 32.264405312182987, -16.430673914243108 ] ] ] } },
{ "type": "Feature", "properties": { "district": "shamva", "province": "Mashonaland Central", "estimate": 46.042596436022784, "lo": 34.963383370344644, "hi": 57.622604226877428, "width": 22.659220856532784, "n": 25 }, "geometry": { "type": "Polygon", "coordinates": [ [ [ 31.877075279564792, -16.819803958987148 ], [ 31.881075170301145, -16.828893678423643 ], [ 31.901111606724861, -16.823859273144198 ], [ 31.971696631359872, -16.838617422611101 ], [ 32.000610820394186, -16.836927279592903 ], [ 32.007625625209009, -16.842970756883979 ], [ 32.000694822754738, -16.856042794985139 ], [ 32.009826576706857, -16.888300347596097 ], [ 32.004783723061017, -16.9051966876774 ], [ 31.980801400819182, -16.921170958695591 ], [ 31.954286143886485, -16.917078642742855 ], [ 31.942472487619924, -16.956642776986861 ], [ 31.909623415333119, -16.972688056045314 ], [ 31.912869332983497, -17.000749273600007 ], [ 31.895076833342294, -17.000606267588037 ], [ 31.891570936062134, -17.016734543980959 ], [ 31.906350523071371, -17.022412988658008 ], [ 31.909396443400166, -17.039586345129059 ], [ 31.856129951991118, -17.07930249796641 ], [ 31.83341160516812, -17.123141965720439 ], [ 31.832536634403311, -17.13624899980903 ], [ 31.848050203390137, -17.151030161848222 ], [ 31.78263605310871, -17.185225879114245 ], [ 31.764842552744266, -17.186455981209413 ], [ 31.757791756029274, -17.198251913693639 ], [ 31.740240248327662, -17.195352691220972 ], [ 31.728031592949186, -17.202135229190109 ], [ 31.722603718677632, -17.215620494346169 ], [ 31.741373229615121, -17.236470929998873 ], [ 31.751353967867544, -17.288094991736006 ], [ 31.703462330365348, -17.330315329756104 ], [ 31.677656067872352, -17.36545910204125 ], [ 31.640931109189296, -17.38654477233931 ], [ 31.61386288170706, -17.416537137045232 ], [ 31.62303962957683, -17.432956424121819 ], [ 31.613349902357317, -17.432359379607433 ], [ 31.604857147016261, -17.447342560021934 ], [ 31.586260671365416, -17.451573897604963 ], [ 31.584261731212031, -17.45951052189675 ], [ 31.531489218886161, -17.468167219682847 ], [ 31.508736871727987, -17.500140737028968 ], [ 31.458518288619455, -17.509140461279252 ], [ 31.473222852827732, -17.453857118052195 ], [ 31.461178189395948, -17.446268526639201 ], [ 31.472520860755662, -17.424303797646992 ], [ 31.468725962872199, -17.413175924790913 ], [ 31.480331634895972, -17.407804498949986 ], [ 31.478176692412042, -17.399763868045827 ], [ 31.45835925088155, -17.404811272420261 ], [ 31.451758428377214, -17.38109140984956 ], [ 31.473529813448504, -17.375124933349444 ], [ 31.470064903599823, -17.358382617999272 ], [ 31.431419250719614, -17.352097483154299 ], [ 31.425258070003512, -17.355972859995067 ], [ 31.430727014351564, -17.367409342820231 ], [ 31.424867185175628, -17.383401602255528 ], [ 31.40874163710486, -17.380988418411945 ], [ 31.432078959091228, -17.327042167597074 ], [ 31.460639155309721, -17.323940912879028 ], [ 31.470575854553651, -17.272295844631046 ], [ 31.495067166727015, -17.271829799287186 ], [ 31.495374131839384, -17.20467050912314 ], [ 31.473477086832911, -17.203732183108706 ], [ 31.474479898642457, -17.176698238317545 ], [ 31.421825439317953, -17.177443560949094 ], [ 31.439314589565821, -17.136934719088689 ], [ 31.4095138639574, -17.124432426893456 ], [ 31.434395801345552, -17.093097728838508 ], [ 31.405485601729424, -17.064986520235557 ], [ 31.365243730624226, -17.062533341329601 ], [ 31.344387308415897, -17.043420838992319 ], [ 31.379477422215039, -17.006811629723192 ], [ 31.37036255389533, -16.98124691409458 ], [ 31.403053245112719, -16.840362247911443 ], [ 31.500658846994007, -16.848351343818454 ], [ 31.55101945913886, -16.913967524993698 ], [ 31.567595984838437, -16.890005622116242 ], [ 31.613015699427223, -16.856038915067067 ], [ 31.593067293409774, -16.908705687315525 ], [ 31.620000653225137, -16.922905431915414 ], [ 31.661234365015336, -16.90758498233313 ], [ 31.686082668580955, -16.911148255986067 ], [ 31.689225576417709, -16.898816278777119 ], [ 31.703145186442519, -16.898975286659841 ], [ 31.707120069877998, -16.886965334000227 ], [ 31.754216745066131, -16.877246549044781 ], [ 31.750287849983284, -16.860390215039381 ], [ 31.757772637185084, -16.85116948212513 ], [ 31.776618107866362, -16.852643592614708 ], [ 31.780844992993572, -16.861141265180745 ], [ 31.822557811359054, -16.826817532319165 ], [ 31.838729360358887, -16.834110104584035 ], [ 31.859053784984596, -16.820556024043306 ], [ 31.877075279564792, -16.819803958987148 ] ] ] } },
{ "type": "Feature", "properties": { "district": "chikomba", "province": "Mashonaland East", "estimate": 19.976750149880406, "lo": 12.59452888810506, "hi": 29.135161894476425, "width": 16.540633006371365, "n": 20 }, "geometry": { "type": "Polygon", "coordinates": [ [ [ 31.054633109307051, -18.460483650948973 ], [ 31.092165040779513, -18.448681722667722 ], [ 31.13275989409582, -18.450714862190221 ], [ 31.130110985105148, -18.484601478111991 ], [ 31.165608985247271, -18.492277055132259 ], [ 31.221168430012309, -18.530138949714701 ], [ 31.20332194791072, -18.557477064326108 ], [ 31.212517707725134, -18.599797318709939 ], [ 31.228821249782953, -18.607825930280892 ], [ 31.24263385698265, -18.603587598091661 ], [ 31.246623748571572, -18.613329345947932 ], [ 31.266064195923445, -18.60965505477596 ], [ 31.296772341241365, -18.641071458963165 ], [ 31.324408560901357, -18.647083909874414 ], [ 31.33167035211364, -18.63945031961336 ], [ 31.351450795630846, -18.648348995703184 ], [ 31.368976305189861, -18.660558927629445 ], [ 31.379795012600553, -18.693060421665912 ], [ 31.413088076318221, -18.706809463959598 ], [ 31.4164339899345, -18.726254956873774 ], [ 31.468134530055419, -18.737361789026018 ], [ 31.478957235867465, -18.768753193711664 ], [ 31.495656766082273, -18.774613637144139 ], [ 31.520639056067449, -18.770787334088567 ], [ 31.524828947672919, -18.796132275666423 ], [ 31.560880922681086, -18.789251734911865 ], [ 31.578323430602758, -18.795308193273879 ], [ 31.592744014891831, -18.777447817208181 ], [ 31.618767279814776, -18.78633248901 ], [ 31.72023350032574, -19.030980174683769 ], [ 31.690781341708817, -19.043351129857619 ], [ 31.636852871885434, -19.040668945285837 ], [ 31.624188229872104, -19.038150756737885 ], [ 31.616085452958831, -19.020146385776897 ], [ 31.589712198112966, -19.011310721251352 ], [ 31.598784956107142, -19.049042597583011 ], [ 31.591577171609718, -19.074601551965227 ], [ 31.521503203031433, -19.168657748219513 ], [ 31.502389737951418, -19.150361361716708 ], [ 31.487830150151915, -19.147565155181223 ], [ 31.479529389041577, -19.155535765109999 ], [ 31.441572440353696, -19.09350405201727 ], [ 31.407992404428608, -19.116115790018778 ], [ 31.388365957303925, -19.107261123360146 ], [ 31.373445371626037, -19.087095592200541 ], [ 31.344641186688161, -19.081314162677725 ], [ 31.315218025688583, -19.089149772699706 ], [ 31.318902940136891, -19.127675709392889 ], [ 31.329573647409564, -19.150149416952832 ], [ 31.297495562300178, -19.157365979686301 ], [ 31.304788384017336, -19.220491783142762 ], [ 30.996003177985031, -19.257869765993586 ], [ 31.000137056039286, -19.248740070359275 ], [ 30.989093356582526, -19.225020271102217 ], [ 30.989503329711901, -19.195290008308689 ], [ 30.999063036573826, -19.155642983594326 ], [ 30.937620778337951, -19.148562474035771 ], [ 30.919990296146441, -19.180177891022847 ], [ 30.921405262194838, -19.192276811071402 ], [ 30.889780163347229, -19.197339211840688 ], [ 30.906972688989985, -19.222268100895491 ], [ 30.908452658030694, -19.243900745642133 ], [ 30.893908072096433, -19.244461796310301 ], [ 30.870543744057642, -19.260546029623804 ], [ 30.831001859086424, -19.244162803833124 ], [ 30.808865491210138, -19.249909252337542 ], [ 30.784675164064236, -19.224185307999878 ], [ 30.764688726072585, -19.214712596821887 ], [ 30.731450650030059, -19.180405002233901 ], [ 30.72342085135212, -19.132053321816372 ], [ 30.749920099408172, -19.13212731379166 ], [ 30.674679175825805, -19.020818036255285 ], [ 30.712442079429213, -18.976560634633248 ], [ 30.677119073799371, -18.963875684377847 ], [ 30.695634466614361, -18.95431829235854 ], [ 30.654166672725729, -18.884485442082383 ], [ 30.635557213724073, -18.907825238901989 ], [ 30.630432354672571, -18.90048568000233 ], [ 30.575002464039407, -18.940539395116492 ], [ 30.554794515871734, -18.929322927245867 ], [ 30.58137274919747, -18.90561109804371 ], [ 30.557524940686285, -18.876750187061017 ], [ 30.558212354897918, -18.819558516739935 ], [ 30.599808170392667, -18.80901968700768 ], [ 30.602523065132555, -18.760127934082306 ], [ 30.61143880480158, -18.746908915309458 ], [ 30.598426145565732, -18.69968929432213 ], [ 30.63037525595653, -18.724195159933963 ], [ 30.63953398002845, -18.695396943315043 ], [ 30.649087731060014, -18.732940822365244 ], [ 30.682354754414291, -18.670983043603517 ], [ 30.706651051322666, -18.643320903998699 ], [ 30.743479032395769, -18.686068172722024 ], [ 30.792757633662372, -18.68223585365595 ], [ 30.791514665346462, -18.672984143293281 ], [ 30.774292153939513, -18.676904453225951 ], [ 30.772293199413117, -18.655940842149395 ], [ 30.745998946006608, -18.66014917933127 ], [ 30.747665888593886, -18.642080787651388 ], [ 30.810862082269164, -18.608444169197355 ], [ 30.83033353407475, -18.614862652579475 ], [ 30.869692400781545, -18.578101804260374 ], [ 30.880554037781366, -18.590367621128401 ], [ 30.888564870328697, -18.584852314889289 ], [ 30.875599227118197, -18.565469827870093 ], [ 30.879401115691213, -18.559616376079401 ], [ 30.915992078971541, -18.556646128657533 ], [ 30.951954044584895, -18.524453632035232 ], [ 30.979810266149503, -18.542373999882582 ], [ 31.025283976673407, -18.537506603688414 ], [ 31.007488429946754, -18.437440892879586 ], [ 31.038236556583076, -18.430493343142654 ], [ 31.057870012363594, -18.450308863727575 ], [ 31.054633109307051, -18.460483650948973 ] ] ] } },
{ "type": "Feature", "properties": { "district": "goromonzi", "province": "Mashonaland East", "estimate": 40.444965364247324, "lo": 31.116686421521493, "hi": 50.396475678459055, "width": 19.279789256937562, "n": 42 }, "geometry": { "type": "Polygon", "coordinates": [ [ [ 31.610767979839064, -17.445729431078604 ], [ 31.604403177997508, -17.497002456911627 ], [ 31.583687769729252, -17.520075274069363 ], [ 31.585057737368448, -17.535164455666418 ], [ 31.546989828776692, -17.586649503793648 ], [ 31.541037025765466, -17.663355511379336 ], [ 31.52553046902775, -17.677196599326265 ], [ 31.516350752225996, -17.739167446822862 ], [ 31.516335762038832, -17.762934304106935 ], [ 31.532830302994014, -17.778120483658725 ], [ 31.53001438820889, -17.79181555401173 ], [ 31.537627174558875, -17.796546920889821 ], [ 31.538245168761968, -17.825243159937809 ], [ 31.547080926031349, -17.840966382963973 ], [ 31.559259625290007, -17.946807626953373 ], [ 31.532055400060269, -17.965331079079835 ], [ 31.504476179403373, -17.96739324929823 ], [ 31.50308622514742, -17.984972618277236 ], [ 31.527638534725206, -17.992584201147142 ], [ 31.509098067235726, -18.013657846803419 ], [ 31.489402616920803, -17.998512675750955 ], [ 31.481517849448881, -18.023231602220214 ], [ 31.463187374835123, -18.043239164400781 ], [ 31.479003938380782, -18.064919842954044 ], [ 31.4427469759096, -18.099394534683228 ], [ 31.42261554623785, -18.104410931918849 ], [ 31.407796975938574, -18.131968077414061 ], [ 31.399750537766625, -18.127543368418308 ], [ 31.384560880610014, -18.140923591907448 ], [ 31.398613664977351, -18.148842029656912 ], [ 31.393307397442427, -18.158355130838412 ], [ 31.363222242757161, -18.15083955868738 ], [ 31.342165828617151, -18.131019030153858 ], [ 31.306935821077129, -18.124334525126571 ], [ 31.291210257768075, -18.108203279196957 ], [ 31.280395564928366, -18.112069583731152 ], [ 31.231936923395288, -18.089246831200075 ], [ 31.220096234126878, -18.03895492760785 ], [ 31.206470612151861, -18.023586739365157 ], [ 31.196478894690056, -18.026226948368755 ], [ 31.182528280211521, -18.00747549560915 ], [ 31.111779279799507, -17.987999439876631 ], [ 31.127337496852597, -17.962847948012467 ], [ 31.14163184538636, -17.959016337748679 ], [ 31.13394620297187, -17.9505083943573 ], [ 31.136123959969058, -17.928883754046339 ], [ 31.165834326738004, -17.928132392275181 ], [ 31.17360620113157, -17.907524987302523 ], [ 31.211798191318596, -17.913454265374249 ], [ 31.223842798156493, -17.923070086393093 ], [ 31.239363381189062, -17.916143222098793 ], [ 31.242919597599833, -17.899420749862067 ], [ 31.25197092179133, -17.897182414628936 ], [ 31.26758441577709, -17.909442451697544 ], [ 31.258622710213285, -17.899145673281339 ], [ 31.262580375639711, -17.894226616804897 ], [ 31.251985857181236, -17.891346750917574 ], [ 31.261586690713479, -17.862818338314813 ], [ 31.255012171778976, -17.862448363644962 ], [ 31.255783692555688, -17.854563682714314 ], [ 31.220316970853428, -17.850516400575255 ], [ 31.215054577036987, -17.820474831578387 ], [ 31.203241717576095, -17.819950402342755 ], [ 31.20965648461204, -17.812568444721894 ], [ 31.192102325083695, -17.804996176706574 ], [ 31.21183441857735, -17.792596583262025 ], [ 31.196041681048015, -17.752424415405294 ], [ 31.201490882222721, -17.729648830411197 ], [ 31.209812656724207, -17.726472127761411 ], [ 31.205443370658173, -17.711933588960367 ], [ 31.197285870174419, -17.718580279667488 ], [ 31.181210914322115, -17.696199884375911 ], [ 31.163773516916073, -17.696037764223014 ], [ 31.157222823099552, -17.703731783276975 ], [ 31.159094338128167, -17.696511019270552 ], [ 31.146974570148799, -17.686229087072071 ], [ 31.148264240978005, -17.700717785143482 ], [ 31.13881996493518, -17.692528631290745 ], [ 31.116154193810807, -17.693863783317479 ], [ 31.115384016913762, -17.667812027013916 ], [ 31.088807764373268, -17.665558861885682 ], [ 31.073929192901243, -17.686972542810615 ], [ 31.052250781665244, -17.641304979138923 ], [ 31.067612345824514, -17.634457436794381 ], [ 31.051783781685, -17.612842750593174 ], [ 31.05843059613527, -17.616286018286385 ], [ 31.063870701867721, -17.543916530707751 ], [ 31.114799976333494, -17.542748232074185 ], [ 31.12083279767695, -17.524973835656297 ], [ 31.108829131558135, -17.516860204824976 ], [ 31.108453138102707, -17.506179367124961 ], [ 31.125446653672341, -17.492405279987938 ], [ 31.119215819385772, -17.470099532325658 ], [ 31.145651066969354, -17.452354127957715 ], [ 31.138185273745915, -17.444826540248492 ], [ 31.227836765401868, -17.473683768589826 ], [ 31.306790549122635, -17.486471740895166 ], [ 31.276783439170963, -17.592069031246339 ], [ 31.285188212614788, -17.617711035680642 ], [ 31.27985737436023, -17.643619066228521 ], [ 31.308602565136763, -17.643403037970987 ], [ 31.335243800008243, -17.608328282196062 ], [ 31.374522702281727, -17.628756865776001 ], [ 31.458628307088937, -17.562542648228213 ], [ 31.469481010343227, -17.582846235182462 ], [ 31.473863877139745, -17.558855353192286 ], [ 31.505906957597421, -17.51784812698012 ], [ 31.513112744241674, -17.489725917917497 ], [ 31.526009378872043, -17.482473345184761 ], [ 31.531220227357466, -17.468336233141429 ], [ 31.582545779237776, -17.460002561405361 ], [ 31.586260671365416, -17.451573897604963 ], [ 31.610767979839064, -17.445729431078604 ] ] ] } },
{ "type": "Feature", "properties": { "district": "hwedza", "province": "Mashonaland East", "estimate": 49.317393681282098, "lo": 35.875914929341818, "hi": 62.971511424222662, "width": 27.095596494880844, "n": 8 }, "geometry": { "type": "Polygon", "coordinates": [ [ [ 31.46009161597436, -18.407628400033346 ], [ 31.553937971410893, -18.431748226950017 ], [ 31.556589910419028, -18.464688767634939 ], [ 31.6218020700172, -18.4800879318515 ], [ 31.635116706020632, -18.512035391167494 ], [ 31.609169443960617, -18.518834924334993 ], [ 31.644042468193298, -18.547621129791882 ], [ 31.65591413227099, -18.548907224950437 ], [ 31.676152570157722, -18.576403335093033 ], [ 31.734221925792895, -18.578410469179008 ], [ 31.733042964237566, -18.588026209994602 ], [ 31.744837631017344, -18.591749492196524 ], [ 31.758022264629503, -18.61112897872027 ], [ 31.763207128447018, -18.636012891120963 ], [ 31.772464866626166, -18.639519157632549 ], [ 31.785934496152102, -18.669002420370067 ], [ 31.792691303919007, -18.66796733802903 ], [ 31.830345258048066, -18.722977552259735 ], [ 31.82967428570111, -18.747065401318938 ], [ 31.883732754322516, -18.749083538004825 ], [ 31.909130050697598, -18.796078135216636 ], [ 31.906765132405887, -18.833900034891382 ], [ 31.921035752839739, -18.90499647538682 ], [ 31.934165379912095, -18.904055399118455 ], [ 31.954083419279701, -18.920795929015465 ], [ 31.94827899100396, -18.937966988003684 ], [ 31.975876219289042, -18.970135439082981 ], [ 31.977426201226358, -19.042222944876496 ], [ 31.969097441425216, -19.053101777713486 ], [ 31.969707435232365, -19.084648183631977 ], [ 31.981892101999474, -19.119522840047193 ], [ 31.940722270307489, -19.115926579171735 ], [ 31.919686869558578, -19.123023127376072 ], [ 31.880281988447994, -19.116756662162025 ], [ 31.814688838066427, -19.081911028223974 ], [ 31.813109879172998, -19.071247214933592 ], [ 31.774253968414037, -19.03470243910126 ], [ 31.718744540047386, -19.024348668585613 ], [ 31.705255915644756, -19.007215364871612 ], [ 31.701777003755776, -18.980563329612774 ], [ 31.618256294724954, -18.785920458356383 ], [ 31.592744014891831, -18.777447817208181 ], [ 31.578607423098383, -18.795220185689342 ], [ 31.558328994910156, -18.789323741121812 ], [ 31.528096856081476, -18.797890409787072 ], [ 31.520639056067449, -18.770787334088567 ], [ 31.495656766082273, -18.774613637144139 ], [ 31.478957235867465, -18.768753193711664 ], [ 31.468134530055419, -18.737361789026018 ], [ 31.4164339899345, -18.726254956873774 ], [ 31.413088076318221, -18.706809463959598 ], [ 31.379795012600553, -18.693060421665912 ], [ 31.368976305189861, -18.660558927629445 ], [ 31.351450795630846, -18.648348995703184 ], [ 31.33167035211364, -18.63945031961336 ], [ 31.324408560901357, -18.647083909874414 ], [ 31.296772341241365, -18.641071458963165 ], [ 31.266064195923445, -18.60965505477596 ], [ 31.246623748571572, -18.613329345947932 ], [ 31.244723798270947, -18.604491666016088 ], [ 31.228821249782953, -18.607825930280892 ], [ 31.207468847943307, -18.594295897160311 ], [ 31.20332194791072, -18.557477064326108 ], [ 31.255343439014688, -18.478569958807945 ], [ 31.305923009221811, -18.48073710471229 ], [ 31.34725782729555, -18.452389900978186 ], [ 31.349741751701146, -18.442267119116114 ], [ 31.402978269024096, -18.494658139242937 ], [ 31.478217121091394, -18.449961662129983 ], [ 31.455893741939278, -18.425928815151376 ], [ 31.46009161597436, -18.407628400033346 ] ] ] } },
{ "type": "Feature", "properties": { "district": "marondera", "province": "Mashonaland East", "estimate": 51.611545870368182, "lo": 40.010350493135974, "hi": 63.545749341046978, "width": 23.535398847911004, "n": 18 }, "geometry": { "type": "Polygon", "coordinates": [ [ [ 31.689700939713248, -17.934742640870198 ], [ 31.695340802917119, -17.993858240228096 ], [ 31.750488247055181, -17.994312256302297 ], [ 31.748400794100245, -18.016608973131675 ], [ 31.78244675562048, -18.077044193869348 ], [ 31.769981736331278, -18.103412728802269 ], [ 31.77358964180354, -18.124548369135677 ], [ 31.699067762113973, -18.164111464408705 ], [ 31.770627755276294, -18.203913525111897 ], [ 31.76899380421613, -18.21245918785365 ], [ 31.778539532393875, -18.206442718581808 ], [ 31.826815169137298, -18.210100985746397 ], [ 31.862035181123204, -18.229256458899357 ], [ 31.853282445254035, -18.276476118095658 ], [ 31.864093158557029, -18.329941251672832 ], [ 31.854543440961091, -18.363913880900363 ], [ 31.841554814354058, -18.380374156834311 ], [ 31.845063718295432, -18.387561711954497 ], [ 31.830786125138378, -18.397449479603658 ], [ 31.844953731267015, -18.414946827375957 ], [ 31.844298754322008, -18.427223774624679 ], [ 31.761803095793919, -18.447563372846037 ], [ 31.749449464905044, -18.4989283385957 ], [ 31.721807252583787, -18.513259453985697 ], [ 31.750347454100726, -18.536760254743509 ], [ 31.746964553250944, -18.546795028721473 ], [ 31.771648174065419, -18.570747579414206 ], [ 31.750904462577466, -18.601302224910757 ], [ 31.733042964237566, -18.588026209994602 ], [ 31.734221925792895, -18.578410469179008 ], [ 31.676152570157722, -18.576403335093033 ], [ 31.65591413227099, -18.548907224950437 ], [ 31.626691954044894, -18.535592208899228 ], [ 31.609137444173587, -18.518663910941783 ], [ 31.635116706020632, -18.512035391167494 ], [ 31.6218020700172, -18.4800879318515 ], [ 31.556589910419028, -18.464688767634939 ], [ 31.553937971410893, -18.431748226950017 ], [ 31.46009161597436, -18.407628400033346 ], [ 31.455893741939278, -18.425928815151376 ], [ 31.478217121091394, -18.449961662129983 ], [ 31.402978269024096, -18.494658139242937 ], [ 31.34946276012673, -18.442265119048688 ], [ 31.34725782729555, -18.452389900978186 ], [ 31.305923009221811, -18.48073710471229 ], [ 31.255343439014688, -18.478569958807945 ], [ 31.221168430012309, -18.530138949714701 ], [ 31.165608985247271, -18.492277055132259 ], [ 31.130110985105148, -18.484601478111991 ], [ 31.13275989409582, -18.450714862190221 ], [ 31.15738519628206, -18.446604533997526 ], [ 31.200676975337601, -18.455840228384396 ], [ 31.222799340275248, -18.435870677034664 ], [ 31.22162036524524, -18.418074303687067 ], [ 31.209728696584449, -18.408807592686141 ], [ 31.139799678363737, -18.416439213128132 ], [ 31.10163674238796, -18.383981721752168 ], [ 31.087521122663148, -18.347015871025118 ], [ 31.064982755103955, -18.336021029832207 ], [ 31.034593613221485, -18.334548929972378 ], [ 31.025684859750442, -18.32401912030862 ], [ 31.011364266935651, -18.33011559770377 ], [ 30.999569595664319, -18.320936892794862 ], [ 31.067537647315312, -18.261791284412727 ], [ 31.094562843698817, -18.180439968208301 ], [ 31.089608973571778, -18.158927301241199 ], [ 31.155428111332725, -18.150187594628857 ], [ 31.168231761348043, -18.174830500966689 ], [ 31.189034176841478, -18.183175139363779 ], [ 31.261828107556191, -18.154135856040607 ], [ 31.319560494348462, -18.1896095837212 ], [ 31.330430193727974, -18.207829991688996 ], [ 31.37054006009712, -18.204430713092048 ], [ 31.362896288158016, -18.232407884399851 ], [ 31.399619251682825, -18.235381100260799 ], [ 31.403573136100196, -18.225792355047133 ], [ 31.396792321755655, -18.213376395778436 ], [ 31.409221970778848, -18.212825347653759 ], [ 31.396084326242558, -18.17678855939047 ], [ 31.406956015390403, -18.166114727064674 ], [ 31.393117401963224, -18.15844413767438 ], [ 31.398613664977351, -18.148842029656912 ], [ 31.384560880610014, -18.140923591907448 ], [ 31.399750537766625, -18.127543368418308 ], [ 31.407796975938574, -18.131968077414061 ], [ 31.42261554623785, -18.104410931918849 ], [ 31.4427469759096, -18.099394534683228 ], [ 31.479003938380782, -18.064919842954044 ], [ 31.463187374835123, -18.043239164400781 ], [ 31.481517849448881, -18.023231602220214 ], [ 31.489402616920803, -17.998512675750955 ], [ 31.509098067235726, -18.013657846803419 ], [ 31.527714533096571, -17.992439189819397 ], [ 31.50308622514742, -17.984972618277236 ], [ 31.504476179403373, -17.96739324929823 ], [ 31.547738954553353, -17.958609549859883 ], [ 31.559259625290007, -17.946807626953373 ], [ 31.557378669866033, -17.927601132023927 ], [ 31.585627865739941, -17.908239612874272 ], [ 31.625453738715162, -17.900445991908374 ], [ 31.689700939713248, -17.934742640870198 ] ], [ [ 31.526719517765368, -18.180294895292203 ], [ 31.487248405665511, -18.190313815186077 ], [ 31.504779992327414, -18.186810184661965 ], [ 31.523219138836012, -18.203233217033866 ], [ 31.511842199443148, -18.211789224630056 ], [ 31.508105368659621, -18.233369935201345 ], [ 31.513235967047478, -18.268013406932308 ], [ 31.521648445341508, -18.228608737592623 ], [ 31.542283881091613, -18.233212318928611 ], [ 31.555332621160847, -18.208359172737467 ], [ 31.572352759202239, -18.222077947579653 ], [ 31.569338953644841, -18.233867387988564 ], [ 31.59919950255961, -18.230757128821569 ], [ 31.600944179063415, -18.205618256868291 ], [ 31.56799214637028, -18.186481121323375 ], [ 31.583982130579837, -18.167054929789977 ], [ 31.525056322051121, -18.158152954768326 ], [ 31.508918042157827, -18.172599696657951 ], [ 31.526719517765368, -18.180294895292203 ] ] ] } },
{ "type": "Feature", "properties": { "district": "marondera urban", "province": "Mashonaland East", "estimate": 23.006710217594144, "lo": 15.434580301900795, "hi": 31.838395604881836, "width": 16.403815302981041, "n": 34 }, "geometry": { "type": "Polygon", "coordinates": [ [ [ 31.529439179864472, -18.15917441709821 ], [ 31.583982130579837, -18.167054929789977 ], [ 31.56799214637028, -18.186481121323375 ], [ 31.600944179063415, -18.205618256868291 ], [ 31.59919950255961, -18.230757128821569 ], [ 31.569338953644841, -18.233867387988564 ], [ 31.572352759202239, -18.222077947579653 ], [ 31.555332621160847, -18.208359172737467 ], [ 31.542283881091613, -18.233212318928611 ], [ 31.521648445341508, -18.228608737592623 ], [ 31.513235967047478, -18.268013406932308 ], [ 31.508105368659621, -18.233369935201345 ], [ 31.511842199443148, -18.211789224630056 ], [ 31.523219138836012, -18.203233217033866 ], [ 31.504779992327414, -18.186810184661965 ], [ 31.487258254794284, -18.189171845983591 ], [ 31.526719517765368, -18.180294895292203 ], [ 31.508918042157827, -18.172599696657951 ], [ 31.529439179864472, -18.15917441709821 ] ] ] } },
{ "type": "Feature", "properties": { "district": "mudzi", "province": "Mashonaland East", "estimate": 35.51732497120495, "lo": 27.043465121983111, "hi": 44.247987511549006, "width": 17.204522389565895, "n": 45 }, "geometry": { "type": "Polygon", "coordinates": [ [ [ 32.923680890763308, -16.693456693994335 ], [ 32.979518327277823, -16.704310546646191 ], [ 32.990997002673268, -16.69441575935479 ], [ 32.962764809212757, -16.782197731212523 ], [ 32.911413269969579, -16.896092765242447 ], [ 32.833198470944232, -16.920929744086994 ], [ 32.937508566303585, -17.065297140332522 ], [ 32.989780116043278, -17.184037500424846 ], [ 32.994321115075884, -17.245659362388796 ], [ 32.962779888333102, -17.25956245279588 ], [ 32.924820957063396, -17.263215746853117 ], [ 32.907541445755079, -17.276579802243656 ], [ 32.869555514721206, -17.279444034170947 ], [ 32.843483254784331, -17.316695968897708 ], [ 32.824806780564209, -17.316838983656218 ], [ 32.770921305008642, -17.354746973886538 ], [ 32.74547503158594, -17.406812070144529 ], [ 32.662103368332154, -17.355775075719905 ], [ 32.550922488759298, -17.321794426631048 ], [ 32.558849255165718, -17.277412933808584 ], [ 32.512639559421096, -17.295179341893625 ], [ 32.489004223135893, -17.288478820270345 ], [ 32.481798416728701, -17.255761245864392 ], [ 32.446017410441172, -17.19857074933601 ], [ 32.382753192739365, -17.214765039918479 ], [ 32.388036037601559, -17.19185823433417 ], [ 32.341109338038223, -17.116918334740738 ], [ 32.301711452108748, -17.141408275610711 ], [ 32.29258371721923, -17.172694746184067 ], [ 32.275734185419964, -17.153174210794599 ], [ 32.212900953340323, -17.162447958363416 ], [ 32.208376079067087, -17.157667583094721 ], [ 32.172893041264352, -17.033823815854603 ], [ 32.223760598775144, -16.985445978070125 ], [ 32.254265738313599, -16.96839262227132 ], [ 32.26005257218619, -16.956245660188944 ], [ 32.321104851994228, -16.930692623071931 ], [ 32.334666462717031, -16.902040350883382 ], [ 32.358953780065796, -16.893603676980629 ], [ 32.375348313377046, -16.869980802728882 ], [ 32.388867933250218, -16.865667458178457 ], [ 32.396427716303499, -16.845770879814328 ], [ 32.45252513693935, -16.825625269994866 ], [ 32.52214917083289, -16.77558028719999 ], [ 32.550068759557654, -16.727736551154123 ], [ 32.593734156024716, -16.741779589784233 ], [ 32.648999601061874, -16.721820995154406 ], [ 32.683357641803383, -16.741676564197711 ], [ 32.732837250097951, -16.724122161361905 ], [ 32.757169563160993, -16.702107408908745 ], [ 32.816867888698056, -16.705155640133345 ], [ 32.838623276570779, -16.695588876727633 ], [ 32.890543824884588, -16.716976567425828 ], [ 32.923680890763308, -16.693456693994335 ] ] ] } },
{ "type": "Feature", "properties": { "district": "murehwa", "province": "Mashonaland East", "estimate": 39.674940640026442, "lo": 28.924613643211117, "hi": 50.639221375117003, "width": 21.714607731905886, "n": 19 }, "geometry": { "type": "Polygon", "coordinates": [ [ [ 31.672657210115858, -17.368792366031588 ], [ 31.665880405850732, -17.383344512112235 ], [ 31.701236421872281, -17.413596876849745 ], [ 31.73305354459502, -17.462592713308517 ], [ 31.746958152754534, -17.462295685010922 ], [ 31.751312033611772, -17.472445479825929 ], [ 31.791802903340692, -17.496087321981125 ], [ 31.829186849048167, -17.492455025154502 ], [ 31.824630973016159, -17.477822878917511 ], [ 31.852256180229077, -17.432473309848728 ], [ 31.947616558042082, -17.621638111083797 ], [ 32.017837588917224, -17.650535351934899 ], [ 32.006149924064218, -17.668087727969869 ], [ 32.001874055601213, -17.703140470835809 ], [ 32.126439550836487, -17.725168155975073 ], [ 32.105917140217095, -17.757143659600104 ], [ 32.133351371888793, -17.777280224197572 ], [ 32.133881365330033, -17.803533274248014 ], [ 32.169307360112249, -17.781768564633015 ], [ 32.214770086036822, -17.811956909324238 ], [ 32.148700958810394, -17.842507310396353 ], [ 32.140881198822335, -17.90492617701025 ], [ 32.147656015115714, -17.928300996390419 ], [ 32.100237363966819, -17.963766769621692 ], [ 32.013737835165678, -18.053451769587639 ], [ 31.973485980184403, -18.080347871809959 ], [ 31.994483395671541, -18.106266879402547 ], [ 32.000542237615512, -18.144401836415383 ], [ 31.86840896971081, -18.142035693907804 ], [ 31.874912796622358, -18.17327311526774 ], [ 31.865630063718736, -18.186221122160386 ], [ 31.862216176381583, -18.230641565609151 ], [ 31.826815169137298, -18.210100985746397 ], [ 31.778539532393875, -18.206442718581808 ], [ 31.76899380421613, -18.21245918785365 ], [ 31.770627755276294, -18.203913525111897 ], [ 31.699067762113973, -18.164111464408705 ], [ 31.773709638759186, -18.124199340656507 ], [ 31.769981736331278, -18.103412728802269 ], [ 31.78244675562048, -18.077044193869348 ], [ 31.748400794100245, -18.016608973131675 ], [ 31.750488247055181, -17.994312256302297 ], [ 31.696250778333631, -17.994872318634982 ], [ 31.69003892994057, -17.934855649665142 ], [ 31.625453738715162, -17.900445991908374 ], [ 31.585627865739941, -17.908239612874272 ], [ 31.556569692935259, -17.927059089831719 ], [ 31.537627174558875, -17.796546920889821 ], [ 31.53001438820889, -17.79181555401173 ], [ 31.532830302994014, -17.778120483658725 ], [ 31.516335762038832, -17.762934304106935 ], [ 31.522343562606689, -17.687506407368179 ], [ 31.541037025765466, -17.663355511379336 ], [ 31.546989828776692, -17.586649503793648 ], [ 31.585057737368448, -17.535164455666418 ], [ 31.583687769729252, -17.520075274069363 ], [ 31.604403177997508, -17.497002456911627 ], [ 31.611656949949282, -17.434860577367083 ], [ 31.62303962957683, -17.432956424121819 ], [ 31.613742884751414, -17.416775156197069 ], [ 31.640931109189296, -17.38654477233931 ], [ 31.672657210115858, -17.368792366031588 ] ] ] } },
{ "type": "Feature", "properties": { "district": "mutoko", "province": "Mashonaland East", "estimate": 36.061573820008086, "lo": 26.797826972123222, "hi": 46.198133583440914, "width": 19.400306611317692, "n": 34 }, "geometry": { "type": "Polygon", "coordinates": [ [ [ 32.172893041264352, -17.033823815854603 ], [ 32.212900953340323, -17.162447958363416 ], [ 32.275734185419964, -17.153174210794599 ], [ 32.29258371721923, -17.172694746184067 ], [ 32.301711452108748, -17.141408275610711 ], [ 32.341109338038223, -17.116918334740738 ], [ 32.388036037601559, -17.19185823433417 ], [ 32.382753192739365, -17.214765039918479 ], [ 32.446017410441172, -17.19857074933601 ], [ 32.481798416728701, -17.255761245864392 ], [ 32.489004223135893, -17.288478820270345 ], [ 32.512639559421096, -17.295179341893625 ], [ 32.558849255165718, -17.277412933808584 ], [ 32.550922488759298, -17.321794426631048 ], [ 32.662103368332154, -17.355775075719905 ], [ 32.74547503158594, -17.406812070144529 ], [ 32.732589398622849, -17.429218831573962 ], [ 32.732756399925755, -17.45880815481156 ], [ 32.639350219876732, -17.49857766178997 ], [ 32.643695750893379, -17.539460833126558 ], [ 32.627588759321469, -17.56968941977458 ], [ 32.612112424604824, -17.561166176149115 ], [ 32.582828651594632, -17.588562357140709 ], [ 32.579362538003473, -17.605913860422213 ], [ 32.562462228034477, -17.596323968693703 ], [ 32.548439627958977, -17.619383777592418 ], [ 32.501275954620318, -17.609480013287428 ], [ 32.491701227926868, -17.624215169302555 ], [ 32.473208750236481, -17.626721369184349 ], [ 32.466932931015414, -17.644375752055492 ], [ 32.442466625244577, -17.660275000970241 ], [ 32.438857728930586, -17.671641890773788 ], [ 32.422116198882996, -17.663218235960848 ], [ 32.412411475188129, -17.671576892639951 ], [ 32.382020331859209, -17.674644139749368 ], [ 32.324858955584006, -17.719757681200143 ], [ 32.300941631842889, -17.725192111319586 ], [ 32.290752923720731, -17.741824412983711 ], [ 32.275700348578148, -17.746380772871959 ], [ 32.265736636993608, -17.770619669065553 ], [ 32.214770086036822, -17.811956909324238 ], [ 32.169307360112249, -17.781768564633015 ], [ 32.133881365330033, -17.803533274248014 ], [ 32.133351371888793, -17.777280224197572 ], [ 32.105917140217095, -17.757143659600104 ], [ 32.126439550836487, -17.725168155975073 ], [ 32.001874055601213, -17.703140470835809 ], [ 32.006149924064218, -17.668087727969869 ], [ 32.017837588917224, -17.650535351934899 ], [ 31.947616558042082, -17.621638111083797 ], [ 31.85612607306572, -17.439542863878188 ], [ 31.876066511924918, -17.439643865733029 ], [ 31.908198602850863, -17.424856694852124 ], [ 31.968804899663059, -17.433784376701261 ], [ 31.995761135975471, -17.415298917830764 ], [ 32.017925513322304, -17.419457237650281 ], [ 32.057372398757245, -17.405507131351829 ], [ 32.047930650573619, -17.361758695773265 ], [ 32.083868631168848, -17.333188438888058 ], [ 32.039397863608542, -17.275156886125743 ], [ 32.041011807390731, -17.234944718679795 ], [ 32.028976138789886, -17.215970227372534 ], [ 32.036139930092915, -17.190479216388997 ], [ 32.087495456059308, -17.08769709392605 ], [ 32.091867319391874, -17.040766386196786 ], [ 32.132878168143243, -17.042590519314924 ], [ 32.172893041264352, -17.033823815854603 ] ] ] } },
{ "type": "Feature", "properties": { "district": "ruwa", "province": "Mashonaland East", "estimate": 16.552237265787088, "lo": 10.272806518980117, "hi": 23.947659003626224, "width": 13.674852484646108, "n": 33 }, "geometry": { "type": "Polygon", "coordinates": [ [ [ 31.258820070081207, -17.879236477883822 ], [ 31.251985857181236, -17.891346750917574 ], [ 31.262580375639711, -17.894226616804897 ], [ 31.263558988632148, -17.912424505846939 ], [ 31.25197092179133, -17.897182414628936 ], [ 31.242919597599833, -17.899420749862067 ], [ 31.239363381189062, -17.916143222098793 ], [ 31.223842798156493, -17.923070086393093 ], [ 31.191194284638296, -17.910105121815704 ], [ 31.197868833674651, -17.889737061296042 ], [ 31.215358556149365, -17.879692379939513 ], [ 31.196297738633231, -17.859304171609462 ], [ 31.220316970853428, -17.850516400575255 ], [ 31.255783692555688, -17.854563682714314 ], [ 31.258820070081207, -17.879236477883822 ] ] ] } },
{ "type": "Feature", "properties": { "district": "seke", "province": "Mashonaland East", "estimate": 39.675863602857952, "lo": 28.923707630853517, "hi": 51.170662768357175, "width": 22.246955137503658, "n": 18 }, "geometry": { "type": "Polygon", "coordinates": [ [ [ 30.831079267813049, -17.920997089731589 ], [ 30.844160798186774, -17.944490939137012 ], [ 30.844715771979406, -17.924420374763073 ], [ 30.861822290221916, -17.923790317769065 ], [ 30.90173517221891, -17.957406953607126 ], [ 30.908238902112402, -17.955244832319877 ], [ 30.90554275880578, -17.964145071256024 ], [ 30.922175100427239, -17.960107266963352 ], [ 30.96054321520716, -17.981349967731752 ], [ 30.987357795284087, -17.984894266110246 ], [ 31.002752810009603, -18.011637929746765 ], [ 31.034038030371132, -18.020343029968437 ], [ 31.061445237125824, -18.050877610258894 ], [ 31.091183174089156, -18.033527527860613 ], [ 31.111753127146631, -18.033424185843039 ], [ 31.127109596061636, -18.019735745166294 ], [ 31.073585630424166, -17.999825059643218 ], [ 31.056400824004676, -17.978075261759201 ], [ 31.113524959721474, -17.994466036254227 ], [ 31.156658004669683, -17.995824599851268 ], [ 31.165021773614079, -18.007361494419719 ], [ 31.182279286977721, -18.007351486143541 ], [ 31.196478894690056, -18.026226948368755 ], [ 31.206470612151861, -18.023586739365157 ], [ 31.220096234126878, -18.03895492760785 ], [ 31.231936923395288, -18.089246831200075 ], [ 31.280395564928366, -18.112069583731152 ], [ 31.291210257768075, -18.108203279196957 ], [ 31.306632830111557, -18.124193513847693 ], [ 31.342165828617151, -18.131019030153858 ], [ 31.357456405207735, -18.148018343153357 ], [ 31.406956015390403, -18.166114727064674 ], [ 31.396084326242558, -18.177059580029805 ], [ 31.409221970778848, -18.212825347653759 ], [ 31.396792321755655, -18.213376395778436 ], [ 31.403573136100196, -18.225792355047133 ], [ 31.399619251682825, -18.235381100260799 ], [ 31.362896288158016, -18.232407884399851 ], [ 31.37054006009712, -18.204430713092048 ], [ 31.330430193727974, -18.207829991688996 ], [ 31.319560494348462, -18.1896095837212 ], [ 31.261264123661245, -18.15399984612602 ], [ 31.189034176841478, -18.183175139363779 ], [ 31.168231761348043, -18.174830500966689 ], [ 31.155428111332725, -18.150187594628857 ], [ 31.089608973571778, -18.158927301241199 ], [ 31.094562843698817, -18.180439968208301 ], [ 31.067537647315312, -18.261791284412727 ], [ 30.999569595664319, -18.320936892794862 ], [ 31.011364266935651, -18.33011559770377 ], [ 31.025684859750442, -18.32401912030862 ], [ 31.034593613221485, -18.334548929972378 ], [ 31.064982755103955, -18.336021029832207 ], [ 31.087521122663148, -18.347015871025118 ], [ 31.10163674238796, -18.383981721752168 ], [ 31.139799678363737, -18.416439213128132 ], [ 31.209728696584449, -18.408807592686141 ], [ 31.22162036524524, -18.418074303687067 ], [ 31.222799340275248, -18.435870677034664 ], [ 31.200676975337601, -18.455840228384396 ], [ 31.15738519628206, -18.446604533997526 ], [ 31.092165040779513, -18.448681722667722 ], [ 31.057216036141792, -18.46075067019088 ], [ 31.057870012363594, -18.450308863727575 ], [ 31.038236556583076, -18.430493343142654 ], [ 31.007639425966239, -18.437295881726278 ], [ 31.025283976673407, -18.537506603688414 ], [ 30.979810266149503, -18.542373999882582 ], [ 30.951954044584895, -18.524453632035232 ], [ 30.915992078971541, -18.556646128657533 ], [ 30.879401115691213, -18.559616376079401 ], [ 30.875599227118197, -18.565469827870093 ], [ 30.888564870328697, -18.584852314889289 ], [ 30.880554037781366, -18.590367621128401 ], [ 30.869692400781545, -18.578101804260374 ], [ 30.83033353407475, -18.614862652579475 ], [ 30.810862082269164, -18.608444169197355 ], [ 30.747665888593886, -18.642080787651388 ], [ 30.745998946006608, -18.66014917933127 ], [ 30.772293199413117, -18.655940842149395 ], [ 30.774292153939513, -18.676904453225951 ], [ 30.791514665346462, -18.672984143293281 ], [ 30.792757633662372, -18.68223585365595 ], [ 30.743479032395769, -18.686068172722024 ], [ 30.703912434771084, -18.63433013539882 ], [ 30.766240767847016, -18.570732058375281 ], [ 30.770887107821437, -18.413069122755399 ], [ 30.785763686830208, -18.403453559693443 ], [ 30.790532545331224, -18.390140529368495 ], [ 30.763885767854411, -18.348852704887133 ], [ 30.746347076416953, -18.343169716037657 ], [ 30.709151452627324, -18.306348603045304 ], [ 30.695686358695273, -18.271764919340661 ], [ 30.696960107784399, -18.240904029992016 ], [ 30.743633770796851, -18.205192239975968 ], [ 30.764579162150934, -18.172262675701063 ], [ 30.74655365569469, -18.154321102232576 ], [ 30.761713213001084, -18.126015897953511 ], [ 30.761405211232905, -18.105477303054556 ], [ 30.800129109171007, -18.086663822962905 ], [ 30.790413378418972, -18.077178091051056 ], [ 30.772318859789365, -18.022180823909466 ], [ 30.816553591415538, -17.981194613579426 ], [ 30.808513799878394, -17.946944951820917 ], [ 30.831079267813049, -17.920997089731589 ] ] ] } },
{ "type": "Feature", "properties": { "district": "uzumba maramba pfungwe", "province": "Mashonaland East", "estimate": 56.43290209472999, "lo": 44.6134449488885, "hi": 67.923871334865296, "width": 23.310426385976797, "n": 15 }, "geometry": { "type": "Polygon", "coordinates": [ [ [ 32.462145835815811, -16.696967060033444 ], [ 32.502977692551838, -16.702284473199388 ], [ 32.547905436690435, -16.723799171965346 ], [ 32.52214917083289, -16.77558028719999 ], [ 32.45252513693935, -16.825625269994866 ], [ 32.396427716303499, -16.845770879814328 ], [ 32.388867933250218, -16.865667458178457 ], [ 32.375348313377046, -16.869980802728882 ], [ 32.358953780065796, -16.893603676980629 ], [ 32.334666462717031, -16.902040350883382 ], [ 32.321104851994228, -16.930692623071931 ], [ 32.26005257218619, -16.956245660188944 ], [ 32.188456602395043, -17.025137124715908 ], [ 32.151161653681079, -17.040627359013666 ], [ 32.091867319391874, -17.040766386196786 ], [ 32.087495456059308, -17.08769709392605 ], [ 32.028976138789886, -17.215970227372534 ], [ 32.041011807390731, -17.234944718679795 ], [ 32.039397863608542, -17.275156886125743 ], [ 32.083868631168848, -17.333188438888058 ], [ 32.047930650573619, -17.361758695773265 ], [ 32.057372398757245, -17.405507131351829 ], [ 32.017925513322304, -17.419457237650281 ], [ 31.995761135975471, -17.415298917830764 ], [ 31.968804899663059, -17.433784376701261 ], [ 31.915011410694262, -17.42485469182806 ], [ 31.868370729327513, -17.440908967247651 ], [ 31.852256180229077, -17.432473309848728 ], [ 31.824630973016159, -17.477822878917511 ], [ 31.828885857732431, -17.492541032399924 ], [ 31.803152580661312, -17.489965837808068 ], [ 31.794350831811943, -17.496951389306371 ], [ 31.751312033611772, -17.472445479825929 ], [ 31.746958152754534, -17.462295685010922 ], [ 31.73305354459502, -17.462592713308517 ], [ 31.701236421872281, -17.413596876849745 ], [ 31.665880405850732, -17.383344512112235 ], [ 31.692552640684355, -17.341846240033831 ], [ 31.754172885720671, -17.280543396952162 ], [ 31.741373229615121, -17.236470929998873 ], [ 31.723272730900657, -17.212684062119664 ], [ 31.733366442181527, -17.197366851617762 ], [ 31.757791756029274, -17.198251913693639 ], [ 31.764842552744266, -17.186455981209413 ], [ 31.78263605310871, -17.185225879114245 ], [ 31.848050203390137, -17.151030161848222 ], [ 31.832536634403311, -17.13624899980903 ], [ 31.83341160516812, -17.123141965720439 ], [ 31.849118157430798, -17.10317438457718 ], [ 31.853812018283705, -17.082228730007269 ], [ 31.909919428185535, -17.038256240416349 ], [ 31.906350523071371, -17.022412988658008 ], [ 31.891940926974851, -17.018477682184319 ], [ 31.894816840237819, -17.000862288888722 ], [ 31.912742337253469, -17.001001294069535 ], [ 31.909623415333119, -16.972688056045314 ], [ 31.942472487619924, -16.956642776986861 ], [ 31.954286143886485, -16.917078642742855 ], [ 31.980801400819182, -16.921170958695591 ], [ 32.004783723061017, -16.9051966876774 ], [ 32.009826576706857, -16.888300347596097 ], [ 32.000694822754738, -16.856042794985139 ], [ 32.007625625209009, -16.842970756883979 ], [ 32.04043169873642, -16.826920475625865 ], [ 32.039912708759125, -16.811632263588162 ], [ 32.051589379131393, -16.803508617108502 ], [ 32.09261922994596, -16.809816105634656 ], [ 32.110123735096963, -16.794456883013318 ], [ 32.153499517411376, -16.78880342297894 ], [ 32.162948249097994, -16.778613611895501 ], [ 32.200491192119209, -16.766880671756997 ], [ 32.228067424081161, -16.783914016409675 ], [ 32.272332172014202, -16.747302099973417 ], [ 32.339354291382818, -16.742784726346574 ], [ 32.370885400400532, -16.715936587201092 ], [ 32.390042864064846, -16.718845813317493 ], [ 32.462145835815811, -16.696967060033444 ] ] ] } },
{ "type": "Feature", "properties": { "district": "chegutu", "province": "Mashonaland West", "estimate": 40.064324605884458, "lo": 30.733044250324749, "hi": 50.060383718139214, "width": 19.327339467814465, "n": 35 }, "geometry": { "type": "Polygon", "coordinates": [ [ [ 30.419818705320846, -17.847244571080594 ], [ 30.42775447284642, -17.832164390699898 ], [ 30.438424171311016, -17.828708115162843 ], [ 30.484738869332546, -17.833651477048253 ], [ 30.485286857825539, -17.841356077629456 ], [ 30.512999078551793, -17.844356296596153 ], [ 30.524454773245591, -17.875406713179459 ], [ 30.538526359351827, -17.843061182924796 ], [ 30.545090182046248, -17.85820736093541 ], [ 30.55941177917752, -17.858844403814889 ], [ 30.56994948817745, -17.87037729808452 ], [ 30.549944032851283, -17.835194563745546 ], [ 30.557486815287824, -17.826681896356842 ], [ 30.571177431271927, -17.829423103047354 ], [ 30.570588451754215, -17.836467653287617 ], [ 30.603765527697355, -17.857322262808992 ], [ 30.597807686035718, -17.837739738354955 ], [ 30.603260526285677, -17.826210836215743 ], [ 30.623488957838411, -17.830872189971512 ], [ 30.632167724630428, -17.851425789069253 ], [ 30.633410677675005, -17.8299361118465 ], [ 30.667701720265978, -17.84448022869416 ], [ 30.646478376688261, -17.860431771712982 ], [ 30.624395651709161, -17.8967149366912 ], [ 30.659019418603307, -17.928833622050476 ], [ 30.699407949560104, -17.892744236169925 ], [ 30.716581050931445, -17.893952729831316 ], [ 30.747590518145177, -17.864270700739748 ], [ 30.760408118996839, -17.865413816634618 ], [ 30.767838915653421, -17.87829281704628 ], [ 30.737411786712528, -17.904614882997127 ], [ 30.751251407151155, -17.923689362832263 ], [ 30.801537000088299, -17.943443877063512 ], [ 30.817760530102039, -17.919672018217206 ], [ 30.831251357173723, -17.920912581646547 ], [ 30.808513799878394, -17.946944951820917 ], [ 30.816553591415538, -17.981194613579426 ], [ 30.772318859789365, -18.022180823909466 ], [ 30.790413378418972, -18.077178091051056 ], [ 30.800129109171007, -18.086663822962905 ], [ 30.761405211232905, -18.105477303054556 ], [ 30.761713213001084, -18.126015897953511 ], [ 30.74655365569469, -18.154321102232576 ], [ 30.764579162150934, -18.172262675701063 ], [ 30.743633770796851, -18.205192239975968 ], [ 30.696960107784399, -18.240904029992016 ], [ 30.695686358695273, -18.271764919340661 ], [ 30.709151452627324, -18.306348603045304 ], [ 30.746347076416953, -18.343169716037657 ], [ 30.763885767854411, -18.348852704887133 ], [ 30.790532545331224, -18.390140529368495 ], [ 30.785763686830208, -18.403453559693443 ], [ 30.770887107821437, -18.413069122755399 ], [ 30.765171325297906, -18.5060094847559 ], [ 30.735442191824344, -18.555166288166514 ], [ 30.620819420833595, -18.530149417642782 ], [ 30.599091039911571, -18.537858024391216 ], [ 30.572114801711027, -18.535333843088186 ], [ 30.567368942776195, -18.547991821367198 ], [ 30.550344426346104, -18.549679960178864 ], [ 30.532646916359642, -18.531013531411286 ], [ 30.494064003615456, -18.525653138164543 ], [ 30.489204134098046, -18.51309217284231 ], [ 30.476120780144264, -18.521591594017433 ], [ 30.466120928437558, -18.518638454022799 ], [ 30.44646127868165, -18.503707975408393 ], [ 30.475848448679411, -18.442321519748464 ], [ 30.432282193880333, -18.437454609960124 ], [ 30.398088741566845, -18.409026417950439 ], [ 30.380702233721642, -18.422002128402557 ], [ 30.255102240401719, -18.403575837632136 ], [ 30.249874824287506, -18.390148815071182 ], [ 30.239976102220535, -18.388086660931563 ], [ 30.242494027859639, -18.382158202353327 ], [ 30.203446131853003, -18.384825429631409 ], [ 30.202816146937511, -18.379326004806462 ], [ 30.192110455674388, -18.390407868398793 ], [ 30.190944235823121, -18.345097313957297 ], [ 30.09510235562778, -18.350793121836176 ], [ 30.125651281748272, -18.309547652645623 ], [ 30.097135423677265, -18.272871944283477 ], [ 30.086750210883306, -18.283485075645338 ], [ 30.080069024195382, -18.243370116748839 ], [ 30.065183598577686, -18.25884242297596 ], [ 30.036362598075993, -18.227455268622194 ], [ 30.027361999053642, -18.234943054374924 ], [ 29.99643059813312, -18.197576136942853 ], [ 30.007675531891675, -18.186545194216638 ], [ 30.005769579048323, -18.177386483899134 ], [ 29.961978819988335, -18.185425133892867 ], [ 29.937368490921312, -18.149899393313472 ], [ 29.939125404276052, -18.093859039656667 ], [ 29.919195937439831, -18.049937638854949 ], [ 29.91876093095852, -18.023066549228684 ], [ 29.927953660755534, -18.005823201590044 ], [ 29.915688001882426, -17.99829562395966 ], [ 29.919115899344803, -17.988809883807448 ], [ 29.91072013241001, -17.983421469250601 ], [ 29.906127243991762, -17.957050419340579 ], [ 29.894072576022708, -17.945935560962052 ], [ 29.899018429584181, -17.935552748733631 ], [ 29.892197598887069, -17.901013061908927 ], [ 29.903666272440145, -17.893923502132658 ], [ 29.911023050612304, -17.874304967887291 ], [ 29.967473452560967, -17.859816805286972 ], [ 30.072858492650493, -17.872673746279606 ], [ 30.101893664990637, -17.856543470972209 ], [ 30.129855887758772, -17.872980736861415 ], [ 30.162321960629271, -17.852319107169045 ], [ 30.20231683635382, -17.854844281843974 ], [ 30.253735397103664, -17.869814421355468 ], [ 30.269109959885114, -17.863799942714827 ], [ 30.296651189890298, -17.873035647636534 ], [ 30.318190577852949, -17.864255951923106 ], [ 30.343839857953419, -17.869171321776701 ], [ 30.408950996608031, -17.822407639394701 ], [ 30.419818705320846, -17.847244571080594 ] ], [ [ 30.144478484290275, -18.079918798990676 ], [ 30.132645055205991, -18.086854614227164 ], [ 30.128317010794682, -18.080916007761274 ], [ 30.096396361726988, -18.107961971618291 ], [ 30.117691425000299, -18.130983532821627 ], [ 30.109331750576974, -18.139224275600366 ], [ 30.137720350609882, -18.170224529379379 ], [ 30.155002156215492, -18.158406600737415 ], [ 30.165938691150455, -18.130863688723121 ], [ 30.163507084627053, -18.106660902917461 ], [ 30.139218883336039, -18.102194613939997 ], [ 30.148176684821593, -18.094630315703675 ], [ 30.144478484290275, -18.079918798990676 ] ] ] } },
{ "type": "Feature", "properties": { "district": "chegutu urban", "province": "Mashonaland West", "estimate": 36.732660358510714, "lo": 26.223421176190559, "hi": 48.30896488719236, "width": 22.085543711001801, "n": 23 }, "geometry": { "type": "Polygon", "coordinates": [ [ [ 30.146509576045979, -18.084132076297209 ], [ 30.148176684821593, -18.094630315703675 ], [ 30.139218883336039, -18.102194613939997 ], [ 30.163507084627053, -18.106660902917461 ], [ 30.165938691150455, -18.130863688723121 ], [ 30.155002156215492, -18.158406600737415 ], [ 30.137720350609882, -18.170224529379379 ], [ 30.109331750576974, -18.139224275600366 ], [ 30.117691425000299, -18.130983532821627 ], [ 30.096396361726988, -18.107961971618291 ], [ 30.128317010794682, -18.080916007761274 ], [ 30.132645055205991, -18.086854614227164 ], [ 30.146509576045979, -18.084132076297209 ] ] ] } },
{ "type": "Feature", "properties": { "district": "chinhoyi", "province": "Mashonaland West", "estimate": 28.064442738963763, "lo": 19.628410295449665, "hi": 37.576870185375128, "width": 17.948459889925463, "n": 33 }, "geometry": { "type": "Polygon", "coordinates": [ [ [ 30.046575175335413, -17.283750748110286 ], [ 30.069939437796915, -17.357982697957787 ], [ 30.092677235840661, -17.371622943249054 ], [ 30.09870995657284, -17.357996220955954 ], [ 30.132556183079465, -17.347614588761775 ], [ 30.147233987373649, -17.362149123171079 ], [ 30.160781379562138, -17.354113079187115 ], [ 30.149316384610202, -17.343079451179229 ], [ 30.192852525185934, -17.304907443756342 ], [ 30.2339616226798, -17.311500694227558 ], [ 30.215787150396661, -17.339403898701402 ], [ 30.222489978398063, -17.368747203143482 ], [ 30.207665820577741, -17.390615392726939 ], [ 30.20853939985215, -17.418344107894079 ], [ 30.147891882046647, -17.416060250105637 ], [ 30.126494347050603, -17.378389230889962 ], [ 30.092170375814593, -17.39333350211886 ], [ 30.082500682822616, -17.389331960976897 ], [ 30.075980040347243, -17.410687579613288 ], [ 30.068311760570584, -17.409960856007785 ], [ 30.052974149988412, -17.396528559131784 ], [ 30.03572956967005, -17.354148302999945 ], [ 30.022889632208855, -17.350198838932577 ], [ 30.022164575891985, -17.32143359235392 ], [ 30.003773005059227, -17.307258746235544 ], [ 30.046575175335413, -17.283750748110286 ] ] ] } },
{ "type": "Feature", "properties": { "district": "hurungwe", "province": "Mashonaland West", "estimate": 56.135668708225793, "lo": 48.397320806533486, "hi": 63.637587549271601, "width": 15.240266742738115, "n": 72 }, "geometry": { "type": "Polygon", "coordinates": [ [ [ 29.830809907023976, -15.607143026594224 ], [ 29.942127820100151, -15.62583947697002 ], [ 29.967657117617648, -15.641655738609392 ], [ 30.052122760901533, -15.631967914356368 ], [ 30.074658128985774, -15.62267015262465 ], [ 30.112451079438362, -15.626610450962394 ], [ 30.164701619379745, -15.616484608599245 ], [ 30.21228432086539, -15.667401692079121 ], [ 30.263458874929263, -15.625145259376437 ], [ 30.285436874312371, -15.644608670404239 ], [ 30.286327277235387, -15.701680419403443 ], [ 30.313075540084604, -15.716821626160064 ], [ 30.334518960127003, -15.750298311852138 ], [ 30.15128214908399, -15.918896736044561 ], [ 30.051545967029959, -15.988289362117868 ], [ 30.046277120614846, -16.001204402188417 ], [ 30.061152706086773, -16.000821363079808 ], [ 30.058905777016044, -16.016252602735712 ], [ 30.075087335942921, -16.033867008029198 ], [ 30.110090365261506, -16.044071808705265 ], [ 30.099422666446756, -16.049428244052912 ], [ 30.099012689724098, -16.072871124812448 ], [ 30.089073969270874, -16.074771282349467 ], [ 30.078291284303095, -16.101306414588439 ], [ 30.085829075699863, -16.104711684702213 ], [ 30.087460038065064, -16.118435784184193 ], [ 30.104175575359758, -16.124727279052301 ], [ 30.099054720997827, -16.131088792233825 ], [ 30.118915184643726, -16.163605386223466 ], [ 30.113944325578036, -16.167231679684729 ], [ 30.124732027636597, -16.172763116929811 ], [ 30.127861935054582, -16.162409285669689 ], [ 30.139717602831944, -16.161070172985017 ], [ 30.141485562769549, -16.17777851035018 ], [ 30.090063026076489, -16.22800255739239 ], [ 30.091706024968069, -16.307011875067662 ], [ 30.063551825935615, -16.332836953753418 ], [ 30.046319350415583, -16.395949225054615 ], [ 30.029796809871435, -16.394133087969035 ], [ 30.028802851857264, -16.418665047223509 ], [ 30.016512194666518, -16.417459957243402 ], [ 30.010937356014505, -16.426218658785512 ], [ 30.022395041374889, -16.435335380119948 ], [ 30.024162998617541, -16.448229408269878 ], [ 30.005213531772565, -16.454745937132628 ], [ 30.008534455155857, -16.480745009164934 ], [ 29.997927754643861, -16.487505552817954 ], [ 30.002757624023992, -16.493876057831418 ], [ 29.992339913776444, -16.492740973913953 ], [ 29.993508887862369, -16.504447906123257 ], [ 29.985788104252325, -16.504040878196072 ], [ 29.973115468131379, -16.520215173083034 ], [ 29.990920975377744, -16.52868283839155 ], [ 29.983911179568985, -16.544764123114216 ], [ 29.994305893843581, -16.552117703182009 ], [ 29.979370317080324, -16.561832484848981 ], [ 29.983682210681071, -16.585281349127037 ], [ 29.973791490806668, -16.592022891043939 ], [ 29.979965324293502, -16.60116961491546 ], [ 29.972135546293377, -16.606623053633566 ], [ 29.978921367847239, -16.626189606995627 ], [ 29.96747470212037, -16.64961747608865 ], [ 29.994648973924949, -16.704471821295925 ], [ 30.007094622841606, -16.698720357315992 ], [ 30.010201562134284, -16.743178886686795 ], [ 30.032894943877018, -16.772983240977357 ], [ 30.03258597641981, -16.812413368693118 ], [ 30.024664201053138, -16.817393768721207 ], [ 30.034728926394649, -16.828209620799669 ], [ 30.020449329994563, -16.835593214348936 ], [ 30.023598247560521, -16.845982035903027 ], [ 30.007374704072141, -16.847860194196898 ], [ 30.010705614924795, -16.855671812388607 ], [ 30.001761865785266, -16.856213860344955 ], [ 29.996400024873608, -16.871431069417628 ], [ 29.981346447211259, -16.872736180085131 ], [ 29.992101153251127, -16.884774128103999 ], [ 29.983337403138346, -16.892059711043355 ], [ 29.97746858991119, -16.92825458073937 ], [ 29.98439939865364, -16.933971028774653 ], [ 29.97608963642417, -16.941959665797182 ], [ 29.990320243200216, -16.950922368386195 ], [ 29.968673892836641, -17.022219019843192 ], [ 29.956412244941326, -17.035314063362712 ], [ 29.961794103012373, -17.05014123105429 ], [ 29.952893358022099, -17.059598983673549 ], [ 29.961970111722579, -17.073070042693384 ], [ 29.952792369417836, -17.072841030225469 ], [ 29.953726355903509, -17.09380568602554 ], [ 29.945057599038776, -17.093084633790351 ], [ 29.94406863475929, -17.107799795900259 ], [ 29.912967508844034, -17.110914060354226 ], [ 29.899187892273218, -17.104068528006742 ], [ 29.881154374641469, -17.068657741132711 ], [ 29.83633465201763, -17.101329347871232 ], [ 29.856010118410524, -17.12876050232401 ], [ 29.800378708709939, -17.178085427178715 ], [ 29.769441569351542, -17.166100500211144 ], [ 29.75765890765727, -17.178985523323369 ], [ 29.73269260858261, -17.180892688584443 ], [ 29.719815982128573, -17.197978043735297 ], [ 29.69204376112803, -17.198663115189195 ], [ 29.661803619208619, -17.213147274970908 ], [ 29.687235921133457, -17.237017140691577 ], [ 29.691679814978592, -17.26546037964766 ], [ 29.708158358735059, -17.274286064812298 ], [ 29.698967624096351, -17.286003992928244 ], [ 29.633080480275478, -17.296441856311294 ], [ 29.596223536619419, -17.329969518247221 ], [ 29.585830822892966, -17.32226891772229 ], [ 29.566088398773481, -17.353928421786552 ], [ 29.551525807906117, -17.354301461041835 ], [ 29.545336987825337, -17.363246168357339 ], [ 29.5328743320038, -17.355701583167466 ], [ 29.5276064881085, -17.367402506218063 ], [ 29.504761134775812, -17.37535914673051 ], [ 29.504458150996722, -17.385975981944597 ], [ 29.499552284143572, -17.380146526067367 ], [ 29.502672203193814, -17.389600268169605 ], [ 29.481508796110344, -17.388137165654658 ], [ 29.483572744645812, -17.397014863052075 ], [ 29.449634692351086, -17.38950829471235 ], [ 29.422625436572662, -17.370723834886704 ], [ 29.419051552995025, -17.393447623859561 ], [ 29.393697265260986, -17.393739663654458 ], [ 29.398609132860209, -17.402292333097552 ], [ 29.385547507356552, -17.413139194325606 ], [ 29.383710570279739, -17.428150374743801 ], [ 29.358492272208437, -17.421140840730722 ], [ 29.34127876371732, -17.432970782343002 ], [ 29.280169440889772, -17.381256758410771 ], [ 29.270691670263876, -17.330877801372058 ], [ 29.233972676395091, -17.297455194411111 ], [ 29.208357400223285, -17.306278906081964 ], [ 29.162428683127231, -17.299524405877566 ], [ 29.11658595726189, -17.284354243371094 ], [ 29.105695251678185, -17.270183133578911 ], [ 29.07321216381839, -17.271362249017127 ], [ 29.066680330131671, -17.249008491948828 ], [ 29.027366422309139, -17.23624551404054 ], [ 29.017671685185682, -17.224556598815326 ], [ 28.977500807938224, -17.221124356805699 ], [ 28.961811233835057, -17.203529979834183 ], [ 28.94795059281978, -17.165526991345466 ], [ 28.937771873963911, -17.159992561900175 ], [ 28.912421524446032, -17.082607468246863 ], [ 28.899972859885565, -17.065503124891258 ], [ 28.886601226676266, -17.056021385140117 ], [ 28.873117606788419, -17.059965706178062 ], [ 28.854663108072565, -17.040318165701102 ], [ 28.873997553322358, -17.021453659732209 ], [ 28.914123431261899, -17.023516794137116 ], [ 28.936842769824921, -16.990508166668434 ], [ 28.943718580112201, -16.993354386965223 ], [ 28.950275386964307, -16.980527366746049 ], [ 28.959627129345996, -16.985212731889369 ], [ 28.97081780306468, -16.968852429403377 ], [ 28.986703361715172, -16.973700800866915 ], [ 28.998856016118641, -16.9649631011388 ], [ 29.01010170625818, -16.972468687957662 ], [ 29.068185056746142, -16.940411109402415 ], [ 29.068757047325075, -16.94865376177102 ], [ 29.09850321285569, -16.94601953288279 ], [ 29.099657186872907, -16.953981161564538 ], [ 29.108077945837106, -16.947840669711972 ], [ 29.119099641958961, -16.953575117283144 ], [ 29.124764478327705, -16.945895505157765 ], [ 29.079353654368241, -16.817656370414319 ], [ 29.076324701419338, -16.765560237307326 ], [ 29.214368626076823, -16.459167760336019 ], [ 29.155304210197794, -16.365629331224962 ], [ 28.84619784209232, -16.378623576647502 ], [ 28.851091698470132, -16.368183739823479 ], [ 28.840492980388714, -16.349233233336786 ], [ 28.844049867841193, -16.332133864138708 ], [ 28.822970436170475, -16.305915782183074 ], [ 28.857292431112295, -16.240541528708391 ], [ 28.842749830455887, -16.231948851040695 ], [ 28.835618012889732, -16.210415132184082 ], [ 28.836283959163715, -16.162275274712012 ], [ 28.864481139886902, -16.115932541892491 ], [ 28.848784521197363, -16.038304325069266 ], [ 28.876441734484146, -16.014832421878129 ], [ 28.91330765590228, -15.943817691573193 ], [ 29.028544442450812, -15.934315853171507 ], [ 29.064697397078959, -15.878263322938835 ], [ 29.22813876992047, -15.761950856668374 ], [ 29.268985629418349, -15.755144283084777 ], [ 29.364046953578452, -15.708069432374426 ], [ 29.398935984889878, -15.710589615208891 ], [ 29.424918248905879, -15.689372889412692 ], [ 29.499587169330422, -15.685960570329726 ], [ 29.526823404227958, -15.674103598167394 ], [ 29.557422532697295, -15.641824977353251 ], [ 29.5809318802633, -15.64327508004491 ], [ 29.600260351716067, -15.659837404731553 ], [ 29.624761672019421, -15.661957562811935 ], [ 29.670946375733518, -15.643523049938315 ], [ 29.759776893456312, -15.624052429587184 ], [ 29.788895073721491, -15.608125128780175 ], [ 29.830809907023976, -15.607143026594224 ] ], [ [ 29.691549514348672, -16.798279443243292 ], [ 29.672954043014457, -16.810820449039237 ], [ 29.670829114142432, -16.828066819108304 ], [ 29.697510660013688, -16.837077565235074 ], [ 29.702767342341449, -16.849173046302415 ], [ 29.714776035432539, -16.839423198371758 ], [ 29.71455073795935, -16.818804841420629 ], [ 29.703962392723643, -16.807385785312288 ], [ 29.706971846841785, -16.801496578811218 ], [ 29.691549514348672, -16.798279443243292 ] ] ] } },
{ "type": "Feature", "properties": { "district": "kadoma urban", "province": "Mashonaland West", "estimate": 30.146014368457042, "lo": 21.435125914925955, "hi": 40.018828542360659, "width": 18.583702627434704, "n": 32 }, "geometry": { "type": "Polygon", "coordinates": [ [ [ 30.022718366601438, -18.289280557371647 ], [ 30.013925293681034, -18.300872657238937 ], [ 30.026924719834462, -18.306592523707266 ], [ 30.002661539318876, -18.365906756186096 ], [ 30.015015331006246, -18.366654567638999 ], [ 30.015356837239583, -18.379293958773296 ], [ 29.999959264112103, -18.378551931733007 ], [ 29.989387147840073, -18.397644496385951 ], [ 29.96303964769341, -18.387016870215451 ], [ 29.947242006260819, -18.409974431962219 ], [ 29.904089184003169, -18.417894799766898 ], [ 29.844518392286897, -18.381581414718557 ], [ 29.836240504978608, -18.387052823313571 ], [ 29.780343063697963, -18.359400720363755 ], [ 29.815470065916077, -18.350081976676556 ], [ 29.883918532089726, -18.305811344582168 ], [ 29.922524164125917, -18.266180177697279 ], [ 29.956001564834818, -18.295776420580758 ], [ 29.982870637615306, -18.272404566326401 ], [ 29.951380912186128, -18.24028204890217 ], [ 29.968778205204689, -18.224899694060884 ], [ 30.022718366601438, -18.289280557371647 ] ] ] } },
{ "type": "Feature", "properties": { "district": "kariba", "province": "Mashonaland West", "estimate": 48.140026332723153, "lo": 34.021318888200682, "hi": 62.788655765681455, "width": 28.767336877480773, "n": 5 }, "geometry": { "type": "Polygon", "coordinates": [ [ [ 29.155304210197794, -16.365629331224962 ], [ 29.214368626076823, -16.459167760336019 ], [ 29.076324701419338, -16.765560237307326 ], [ 29.079353654368241, -16.817656370414319 ], [ 29.124764478327705, -16.945895505157765 ], [ 29.119824621919097, -16.953294094390277 ], [ 29.108077945837106, -16.947840669711972 ], [ 29.099657186872907, -16.953981161564538 ], [ 29.09850321285569, -16.94601953288279 ], [ 29.076877821984819, -16.951451977659907 ], [ 29.076887815742484, -16.943350335636598 ], [ 29.067305086856653, -16.94795370740766 ], [ 29.068185056746142, -16.940411109402415 ], [ 29.01010170625818, -16.972468687957662 ], [ 28.998856016118641, -16.9649631011388 ], [ 28.986703361715172, -16.973700800866915 ], [ 28.97081780306468, -16.968852429403377 ], [ 28.959627129345996, -16.985212731889369 ], [ 28.950275386964307, -16.980527366746049 ], [ 28.943718580112201, -16.993354386965223 ], [ 28.936842769824921, -16.990508166668434 ], [ 28.914123431261899, -17.023516794137116 ], [ 28.881374345060507, -17.020154551743531 ], [ 28.862755872363749, -17.027864174981694 ], [ 28.855653082058321, -17.042569343060105 ], [ 28.873117606788419, -17.059965706178062 ], [ 28.886601226676266, -17.056021385140117 ], [ 28.899972859885565, -17.065503124891258 ], [ 28.91542744369336, -17.0875668583062 ], [ 28.924716206986655, -17.117070182063525 ], [ 28.916371456275012, -17.137152773814535 ], [ 28.885325337798172, -17.153874116264969 ], [ 28.823248071269621, -17.147571664159042 ], [ 28.786889100607056, -17.162504868922387 ], [ 28.754532005059708, -17.158701592397087 ], [ 28.743548327436848, -17.177077051052873 ], [ 28.714700150203232, -17.195714542876974 ], [ 28.709403314080106, -17.21627016875151 ], [ 28.671532362014332, -17.200431948362532 ], [ 28.663275622843681, -17.236889829134903 ], [ 28.638330346143011, -17.266792204665283 ], [ 28.63188154373713, -17.287625852190835 ], [ 28.636918414602551, -17.302523021647229 ], [ 28.606732272211836, -17.31601110672176 ], [ 28.538912244054032, -17.40173590620331 ], [ 28.542687148133719, -17.41245674455644 ], [ 28.523034699273659, -17.412999803288091 ], [ 28.499208344329752, -17.38594569356108 ], [ 28.474402037902792, -17.384267581240852 ], [ 28.465726265196633, -17.365610120046128 ], [ 28.45601054073293, -17.370361502159192 ], [ 28.458947464874662, -17.378003100637361 ], [ 28.437946047393908, -17.371073571612833 ], [ 28.351125491255289, -17.384189673108516 ], [ 28.327346172996275, -17.401462050991558 ], [ 28.297327006756589, -17.394230507170477 ], [ 28.24265954415467, -17.399697981141365 ], [ 28.233819751655926, -17.355056474980103 ], [ 28.196335790222108, -17.341793461182792 ], [ 28.197851735892304, -17.32911446156022 ], [ 28.18204016698121, -17.315756422882068 ], [ 28.17312342389399, -17.32344103522755 ], [ 28.171767448414695, -17.307973817853991 ], [ 28.163520677850002, -17.307137758548016 ], [ 28.170558443605607, -17.267727648855164 ], [ 28.142134234356831, -17.260841128877729 ], [ 28.147150082849073, -17.249570236600253 ], [ 28.150813988397044, -17.257912891107647 ], [ 28.164668597225628, -17.254416604049531 ], [ 28.143702172719479, -17.242532684136595 ], [ 28.150517972851386, -17.2317648289788 ], [ 28.136007370185879, -17.221407024288336 ], [ 28.155963804446394, -17.212865333598128 ], [ 28.153880852051856, -17.20194947367488 ], [ 28.145840080453052, -17.204579689125019 ], [ 28.135500361041277, -17.195342968195874 ], [ 28.131037460643338, -17.167613782675975 ], [ 28.143181102250399, -17.145544030194866 ], [ 28.118029796941808, -17.136398328115206 ], [ 28.09511344795629, -17.147883253775255 ], [ 28.087384652273709, -17.134118172946486 ], [ 28.092870489440969, -17.12400336984242 ], [ 28.070919082888391, -17.10104457319289 ], [ 28.045687796975656, -17.111373410569684 ], [ 28.031898174072662, -17.101267623249953 ], [ 28.052305587758894, -17.084380271354963 ], [ 28.04694670410456, -17.045315184205162 ], [ 28.067749107021239, -17.026327667292378 ], [ 28.032537083756846, -17.0191511260279 ], [ 28.040136862501715, -17.007872227030898 ], [ 28.020364389740021, -16.980475073528574 ], [ 28.033006007933828, -16.948921563542147 ], [ 28.02984199687884, -16.896178469714886 ], [ 28.013959476333344, -16.87657984500764 ], [ 28.135883025410884, -16.823846560835268 ], [ 28.246847851169544, -16.735094422628816 ], [ 28.248199801299769, -16.720942296876551 ], [ 28.263256376639102, -16.716716948841079 ], [ 28.263883345012736, -16.700217637073099 ], [ 28.295876452188253, -16.699624564573611 ], [ 28.330007468893282, -16.663694681101994 ], [ 28.366872431807202, -16.653338827960443 ], [ 28.38470493881611, -16.658952261223135 ], [ 28.406831317424803, -16.653591817927293 ], [ 28.440039401411664, -16.667222877331973 ], [ 28.488808999270216, -16.617019844684126 ], [ 28.502238626815391, -16.620207088642328 ], [ 28.64002673462868, -16.561944346806115 ], [ 28.742030872614226, -16.542695739758123 ], [ 28.761127061294136, -16.521101467834082 ], [ 28.755356756422479, -16.546627441813168 ], [ 28.765859219123694, -16.532627859876154 ], [ 28.773624206133437, -16.535181580681002 ], [ 28.769308059908461, -16.529659559754162 ], [ 28.782101265211292, -16.527512335312949 ], [ 28.806622733827204, -16.536821915052915 ], [ 28.842486338406896, -16.524280984099718 ], [ 28.842565214980283, -16.529975518999002 ], [ 28.847724598982897, -16.526956056273736 ], [ 28.854265908099098, -16.537845193999189 ], [ 28.859117059466456, -16.537070546789778 ], [ 28.868243483713847, -16.524459741947833 ], [ 28.851943033658102, -16.521861508155279 ], [ 28.852698859968697, -16.510617976318859 ], [ 28.827221624314404, -16.511693562125672 ], [ 28.810814220840747, -16.52184849762763 ], [ 28.800414628714893, -16.509576426611023 ], [ 28.778433317244406, -16.509770559833779 ], [ 28.815812768679077, -16.484170021950195 ], [ 28.82391752907251, -16.465146499219337 ], [ 28.818063670999262, -16.436820242644014 ], [ 28.839742043607153, -16.40698984726221 ], [ 28.84619784209232, -16.378623576647502 ], [ 29.155304210197794, -16.365629331224962 ] ] ] } },
{ "type": "Feature", "properties": { "district": "kariba urban", "province": "Mashonaland West", "estimate": 19.195352603280185, "lo": 10.858885287541135, "hi": 29.767640395903999, "width": 18.908755108362865, "n": 7 }, "geometry": { "type": "Polygon", "coordinates": [ [ [ 28.800414628714893, -16.509576426611023 ], [ 28.810814220840747, -16.52184849762763 ], [ 28.827221624314404, -16.511693562125672 ], [ 28.852698859968697, -16.510617976318859 ], [ 28.851943033658102, -16.521861508155279 ], [ 28.867735215129372, -16.52904448982175 ], [ 28.854265908099098, -16.537845193999189 ], [ 28.842486338406896, -16.524280984099718 ], [ 28.806622733827204, -16.536821915052915 ], [ 28.770331397323883, -16.528931377255734 ], [ 28.772270719884791, -16.536704039670838 ], [ 28.767930170925069, -16.532082685844113 ], [ 28.765859219123694, -16.532627859876154 ], [ 28.754529825762475, -16.545914894936264 ], [ 28.755101966360535, -16.531698198127785 ], [ 28.770943892041156, -16.512385663083766 ], [ 28.800414628714893, -16.509576426611023 ] ] ] } },
{ "type": "Feature", "properties": { "district": "karoi", "province": "Mashonaland West", "estimate": 25.917407649667062, "lo": 16.18199453783842, "hi": 37.109243219985757, "width": 20.927248682147336, "n": 14 }, "geometry": { "type": "Polygon", "coordinates": [ [ [ 29.695721395630976, -16.795286203136811 ], [ 29.71455073795935, -16.818804841420629 ], [ 29.714776035432539, -16.839423198371758 ], [ 29.702767342341449, -16.849173046302415 ], [ 29.697510660013688, -16.837077565235074 ], [ 29.670829114142432, -16.828066819108304 ], [ 29.672954043014457, -16.810820449039237 ], [ 29.695721395630976, -16.795286203136811 ] ] ] } },
{ "type": "Feature", "properties": { "district": "makonde", "province": "Mashonaland West", "estimate": 47.305435171489883, "lo": 37.315984486370205, "hi": 57.507033101188384, "width": 20.191048614818179, "n": 30 }, "geometry": { "type": "Polygon", "coordinates": [ [ [ 30.244184750651662, -16.26732384714381 ], [ 30.254190476441948, -16.276228553204856 ], [ 30.276686837879993, -16.269988820030608 ], [ 30.297133277975732, -16.27870972990728 ], [ 30.301678167611737, -16.311612358178678 ], [ 30.314977799953219, -16.317775844017312 ], [ 30.320365658770431, -16.335189232285757 ], [ 30.420034875911938, -16.338994486610815 ], [ 30.417467949869032, -16.355103553283467 ], [ 30.438171391679301, -16.393827634903435 ], [ 30.418501961066649, -16.43175067107455 ], [ 30.406289306388562, -16.437946171299131 ], [ 30.41603003994986, -16.450490166855648 ], [ 30.403783402902885, -16.489219261148794 ], [ 30.406886329421287, -16.513767216092837 ], [ 30.388335855597891, -16.529782500662538 ], [ 30.380259095691848, -16.55514052469313 ], [ 30.385936942360864, -16.564730285197392 ], [ 30.3725243333976, -16.594507661977275 ], [ 30.394752725589836, -16.622965915693676 ], [ 30.4027495147743, -16.647112833113688 ], [ 30.497532877730613, -16.675849070997739 ], [ 30.501770763626734, -16.685258817301943 ], [ 30.514435412826547, -16.681663741092752 ], [ 30.510326534886644, -16.695883872823753 ], [ 30.5182323283261, -16.723793086066404 ], [ 30.527918059839205, -16.730001573955818 ], [ 30.484568306210214, -16.790742416157713 ], [ 30.48548629100576, -16.811845089005512 ], [ 30.463445916202467, -16.826334248679196 ], [ 30.461760973173476, -16.843938646324151 ], [ 30.428675899986889, -16.843276610392433 ], [ 30.423644060584717, -16.88103760542117 ], [ 30.404077609242972, -16.879719510075351 ], [ 30.36144882998628, -16.92866540804561 ], [ 30.370449582620509, -16.937850130161241 ], [ 30.364145765606981, -16.950018097237958 ], [ 30.373922492865063, -16.951689223641807 ], [ 30.375772448326895, -16.964715253632505 ], [ 30.357483960071249, -16.963068133167329 ], [ 30.341767405067916, -16.971994847056223 ], [ 30.338185516602913, -16.991485391103634 ], [ 30.344987329965551, -16.998962979208102 ], [ 30.332873675021673, -17.008141711412893 ], [ 30.337916550227035, -17.038643119073871 ], [ 30.330491791147434, -17.09741676625076 ], [ 30.296988747130452, -17.125932035079607 ], [ 30.29422683816184, -17.148485815845003 ], [ 30.273231432206057, -17.157386528954074 ], [ 30.274339416074081, -17.18409363540912 ], [ 30.254918981390158, -17.218890389345795 ], [ 30.263150767157988, -17.248021680178631 ], [ 30.25496900228007, -17.258306493652139 ], [ 30.267263667753689, -17.277056963592919 ], [ 30.245991268974976, -17.283735502426875 ], [ 30.234211615738548, -17.311548697072439 ], [ 30.192852525185934, -17.304907443756342 ], [ 30.149316384610202, -17.343079451179229 ], [ 30.160781379562138, -17.354113079187115 ], [ 30.147233987373649, -17.362149123171079 ], [ 30.132556183079465, -17.347614588761775 ], [ 30.09870995657284, -17.357996220955954 ], [ 30.092677235840661, -17.371622943249054 ], [ 30.069939437796915, -17.357982697957787 ], [ 30.046575175335413, -17.283750748110286 ], [ 30.003908346138257, -17.305432294257397 ], [ 30.022164575891985, -17.32143359235392 ], [ 30.022889632208855, -17.350198838932577 ], [ 30.03572956967005, -17.354148302999945 ], [ 30.052974149988412, -17.396528559131784 ], [ 30.068311760570584, -17.409960856007785 ], [ 30.075980040347243, -17.410687579613288 ], [ 30.082500682822616, -17.389331960976897 ], [ 30.092170375814593, -17.39333350211886 ], [ 30.126494347050603, -17.378389230889962 ], [ 30.147891882046647, -17.416060250105637 ], [ 30.20853939985215, -17.418344107894079 ], [ 30.205944168792936, -17.443479286904161 ], [ 30.197345748218254, -17.445176161771386 ], [ 30.197556015978481, -17.452189200240372 ], [ 30.228802889057015, -17.517964918052794 ], [ 30.223182052170863, -17.527113638391775 ], [ 30.228066937073926, -17.56394752298014 ], [ 30.213372371114758, -17.599817341624824 ], [ 30.01041410083366, -17.635110220416372 ], [ 29.988647725666702, -17.655670842210721 ], [ 29.956301672209669, -17.711458224966545 ], [ 29.94840592822317, -17.765462451251675 ], [ 29.927753526890545, -17.792905605635312 ], [ 29.884089773442099, -17.818430625303062 ], [ 29.863090385254569, -17.849234041585127 ], [ 29.836203143149266, -17.852361301871845 ], [ 29.829400327266789, -17.84038037112586 ], [ 29.812926799702723, -17.854934516865399 ], [ 29.787851508932818, -17.858645822152923 ], [ 29.790497405872458, -17.816679544694345 ], [ 29.766602077381105, -17.814852417672679 ], [ 29.751855507950086, -17.838163245911282 ], [ 29.738686872434894, -17.827931455792438 ], [ 29.732058035968567, -17.794254830761769 ], [ 29.715435488678771, -17.773541222798489 ], [ 29.698410962367262, -17.763925483029109 ], [ 29.690473190700267, -17.773383227402565 ], [ 29.671931709012853, -17.767913811114497 ], [ 29.648764333905422, -17.7289177778786 ], [ 29.62828690283073, -17.719376044593162 ], [ 29.606414536341671, -17.744261004275394 ], [ 29.582169193673085, -17.711082425657171 ], [ 29.557123894057327, -17.705086972767802 ], [ 29.542430285702512, -17.674324575619206 ], [ 29.521234877035329, -17.667185030918841 ], [ 29.52402878579106, -17.649668657926153 ], [ 29.497317528141632, -17.636800668410622 ], [ 29.485712841569892, -17.621025439722978 ], [ 29.49153265439335, -17.586219709178991 ], [ 29.478922994665517, -17.567562255231387 ], [ 29.451804750785087, -17.559052605374344 ], [ 29.457740578332402, -17.550386921765469 ], [ 29.452298725376792, -17.541969265056856 ], [ 29.435349203899921, -17.546467629291989 ], [ 29.424881488932158, -17.533345607209995 ], [ 29.400977158423466, -17.529439316084428 ], [ 29.389518460661911, -17.504023330385063 ], [ 29.40647595828041, -17.466585378713852 ], [ 29.387512494784993, -17.472503857394877 ], [ 29.368531021864811, -17.465116289024518 ], [ 29.332351012674749, -17.430430587896954 ], [ 29.348622557640283, -17.433647829706331 ], [ 29.358492272208437, -17.421140840730722 ], [ 29.383710570279739, -17.428150374743801 ], [ 29.385547507356552, -17.413139194325606 ], [ 29.398609132860209, -17.402292333097552 ], [ 29.393697265260986, -17.393739663654458 ], [ 29.419051552995025, -17.393447623859561 ], [ 29.422970427370984, -17.370639827837014 ], [ 29.472863045100013, -17.396670842985067 ], [ 29.483572744645812, -17.397014863052075 ], [ 29.480038839691812, -17.391536434665511 ], [ 29.48738563039457, -17.38656703911094 ], [ 29.502672203193814, -17.389600268169605 ], [ 29.49928329171658, -17.380491553671369 ], [ 29.504458150996722, -17.385975981944597 ], [ 29.510995955785599, -17.369754702323736 ], [ 29.5276064881085, -17.367402506218063 ], [ 29.536090241432127, -17.354441480680538 ], [ 29.545336987825337, -17.363246168357339 ], [ 29.551525807906117, -17.354301461041835 ], [ 29.566088398773481, -17.353928421786552 ], [ 29.585830822892966, -17.32226891772229 ], [ 29.596223536619419, -17.329969518247221 ], [ 29.633080480275478, -17.296441856311294 ], [ 29.698967624096351, -17.286003992928244 ], [ 29.708158358735059, -17.274286064812298 ], [ 29.691679814978592, -17.26546037964766 ], [ 29.687235921133457, -17.237017140691577 ], [ 29.661803619208619, -17.213147274970908 ], [ 29.69204376112803, -17.198663115189195 ], [ 29.719815982128573, -17.197978043735297 ], [ 29.73269260858261, -17.180892688584443 ], [ 29.75765890765727, -17.178985523323369 ], [ 29.769441569351542, -17.166100500211144 ], [ 29.800378708709939, -17.178085427178715 ], [ 29.856010118410524, -17.12876050232401 ], [ 29.83633465201763, -17.101329347871232 ], [ 29.881154374641469, -17.068657741132711 ], [ 29.899187892273218, -17.104068528006742 ], [ 29.912967508844034, -17.110914060354226 ], [ 29.944321628191076, -17.107553776652669 ], [ 29.945057599038776, -17.093084633790351 ], [ 29.954739324963974, -17.090124393646864 ], [ 29.952792369417836, -17.072841030225469 ], [ 29.961970111722579, -17.073070042693384 ], [ 29.952893358022099, -17.059598983673549 ], [ 29.961794103012373, -17.05014123105429 ], [ 29.956412244941326, -17.035314063362712 ], [ 29.968673892836641, -17.022219019843192 ], [ 29.990320243200216, -16.950922368386195 ], [ 29.97608963642417, -16.941959665797182 ], [ 29.98439939865364, -16.933971028774653 ], [ 29.97746858991119, -16.92825458073937 ], [ 29.983337403138346, -16.892059711043355 ], [ 29.992101153251127, -16.884774128103999 ], [ 29.981346447211259, -16.872736180085131 ], [ 29.996400024873608, -16.871431069417628 ], [ 30.001761865785266, -16.856213860344955 ], [ 30.010705614924795, -16.855671812388607 ], [ 30.007374704072141, -16.847860194196898 ], [ 30.023598247560521, -16.845982035903027 ], [ 30.020449329994563, -16.835593214348936 ], [ 30.034728926394649, -16.828209620799669 ], [ 30.024664201053138, -16.817393768721207 ], [ 30.03258597641981, -16.812413368693118 ], [ 30.032894943877018, -16.772983240977357 ], [ 30.010201562134284, -16.743178886686795 ], [ 30.007094622841606, -16.698720357315992 ], [ 29.994648973924949, -16.704471821295925 ], [ 29.96747470212037, -16.64961747608865 ], [ 29.978921367847239, -16.626189606995627 ], [ 29.972135546293377, -16.606623053633566 ], [ 29.979965324293502, -16.60116961491546 ], [ 29.973791490806668, -16.592022891043939 ], [ 29.983682210681071, -16.585281349127037 ], [ 29.979370317080324, -16.561832484848981 ], [ 29.994305893843581, -16.552117703182009 ], [ 29.983911179568985, -16.544764123114216 ], [ 29.990920975377744, -16.52868283839155 ], [ 29.973527455283612, -16.518428031037196 ], [ 29.993508887862369, -16.504447906123257 ], [ 29.992339913776444, -16.492740973913953 ], [ 30.002757624023992, -16.493876057831418 ], [ 29.997927754643861, -16.487505552817954 ], [ 30.008534455155857, -16.480745009164934 ], [ 30.006926481577153, -16.451411670595373 ], [ 30.024162998617541, -16.448229408269878 ], [ 30.022395041374889, -16.435335380119948 ], [ 30.010937356014505, -16.426218658785512 ], [ 30.016512194666518, -16.417459957243402 ], [ 30.028802851857264, -16.418665047223509 ], [ 30.029796809871435, -16.394133087969035 ], [ 30.046319350415583, -16.395949225054615 ], [ 30.049520874222971, -16.38657524371774 ], [ 30.083407318304648, -16.403635818156623 ], [ 30.08121137132132, -16.389123660620456 ], [ 30.09128407999081, -16.372450324728835 ], [ 30.14424059782927, -16.368792004836372 ], [ 30.163883042152424, -16.354750873998448 ], [ 30.196412130043278, -16.349730455728469 ], [ 30.208409787331131, -16.336371383202064 ], [ 30.205666852578002, -16.315635727737771 ], [ 30.214256608901731, -16.309566237675345 ], [ 30.206892810395725, -16.299610445734515 ], [ 30.207113790565746, -16.276251578666418 ], [ 30.217730490225208, -16.26821693073008 ], [ 30.244184750651662, -16.26732384714381 ] ] ] } },
{ "type": "Feature", "properties": { "district": "mhondoro-ngezi", "province": "Mashonaland West", "estimate": 28.257171879576454, "lo": 17.597974449675853, "hi": 40.400179151208334, "width": 22.802204701532482, "n": 9 }, "geometry": { "type": "Polygon", "coordinates": [ [ [ 30.036362598075993, -18.227455268622194 ], [ 30.065183598577686, -18.25884242297596 ], [ 30.080069024195382, -18.243370116748839 ], [ 30.086750210883306, -18.283485075645338 ], [ 30.097135423677265, -18.272871944283477 ], [ 30.116077621355064, -18.299012650939346 ], [ 30.121432838089795, -18.296942934592757 ], [ 30.125651281748272, -18.309547652645623 ], [ 30.09510235562778, -18.350793121836176 ], [ 30.190944235823121, -18.345097313957297 ], [ 30.192110455674388, -18.390407868398793 ], [ 30.202816146937511, -18.379326004806462 ], [ 30.203446131853003, -18.384825429631409 ], [ 30.242494027859639, -18.382158202353327 ], [ 30.239976102220535, -18.388086660931563 ], [ 30.249874824287506, -18.390148815071182 ], [ 30.255102240401719, -18.403575837632136 ], [ 30.380702233721642, -18.422002128402557 ], [ 30.398088741566845, -18.409026417950439 ], [ 30.432282193880333, -18.437454609960124 ], [ 30.475848448679411, -18.442321519748464 ], [ 30.44646127868165, -18.503707975408393 ], [ 30.466120928437558, -18.518638454022799 ], [ 30.476120780144264, -18.521591594017433 ], [ 30.489204134098046, -18.51309217284231 ], [ 30.494064003615456, -18.525653138164543 ], [ 30.532646916359642, -18.531013531411286 ], [ 30.550344426346104, -18.549679960178864 ], [ 30.567368942776195, -18.547991821367198 ], [ 30.572114801711027, -18.535333843088186 ], [ 30.599091039911571, -18.537858024391216 ], [ 30.620819420833595, -18.530149417642782 ], [ 30.733784239576419, -18.555799336970949 ], [ 30.765171325297906, -18.5060094847559 ], [ 30.766240767847016, -18.570732058375281 ], [ 30.703912434771084, -18.63433013539882 ], [ 30.706651051322666, -18.643320903998699 ], [ 30.682354754414291, -18.670983043603517 ], [ 30.649087731060014, -18.732940822365244 ], [ 30.63953398002845, -18.695396943315043 ], [ 30.63037525595653, -18.724195159933963 ], [ 30.598426145565732, -18.69968929432213 ], [ 30.61143880480158, -18.746908915309458 ], [ 30.602523065132555, -18.760127934082306 ], [ 30.599808170392667, -18.80901968700768 ], [ 30.558212354897918, -18.819558516739935 ], [ 30.557524940686285, -18.876750187061017 ], [ 30.530284205228401, -18.909540604589587 ], [ 30.504483937193218, -18.911157743392007 ], [ 30.490887317327154, -18.900645946135388 ], [ 30.447616538187944, -18.892457343145349 ], [ 30.420876275734429, -18.860277892832507 ], [ 30.411905533118855, -18.864869250089537 ], [ 30.395076004105995, -18.85554354412195 ], [ 30.390578122410417, -18.840573399940798 ], [ 30.373859602708755, -18.852028286726188 ], [ 30.355330126106725, -18.847960985989584 ], [ 30.353411172844602, -18.837464181772468 ], [ 30.323499010326792, -18.819846849193848 ], [ 30.326847910841408, -18.814269419229248 ], [ 30.31657919426846, -18.80085139630253 ], [ 30.296022773432384, -18.795646009374238 ], [ 30.274414393059207, -18.809041047645202 ], [ 30.260220779804801, -18.784975211255983 ], [ 30.220838891972118, -18.780267872311985 ], [ 30.211531140987841, -18.758107176929027 ], [ 30.181675967591705, -18.730484072925144 ], [ 30.146642953406854, -18.719304235384786 ], [ 30.071837072238328, -18.722741543752793 ], [ 30.06704019887686, -18.709532531939708 ], [ 30.039717963764772, -18.69808766915008 ], [ 30.018028587692331, -18.712959824729122 ], [ 30.008503845956231, -18.695575495306144 ], [ 29.989230390924074, -18.695054466903532 ], [ 29.976685735984933, -18.680508356726136 ], [ 29.954088383247445, -18.692319279322366 ], [ 29.931412021884132, -18.688830025352367 ], [ 29.923632253095793, -18.703619166115281 ], [ 29.909953634112238, -18.694737491871713 ], [ 29.891247167839573, -18.7030931456937 ], [ 29.864797902944218, -18.683702671761942 ], [ 29.855704164796546, -18.690772220737962 ], [ 29.842271532385578, -18.671466746372772 ], [ 29.829808891835203, -18.68198256186141 ], [ 29.806072557962469, -18.674698017182411 ], [ 29.800131708832787, -18.651073204011674 ], [ 29.781083246744988, -18.649235074905928 ], [ 29.777079345929241, -18.63033562314612 ], [ 29.750709103134369, -18.645514808691022 ], [ 29.736038515905044, -18.642884615998426 ], [ 29.730543647974596, -18.611123175139294 ], [ 29.69062177923124, -18.613902414834339 ], [ 29.665453483184923, -18.60402867120326 ], [ 29.648293976916925, -18.616683657379596 ], [ 29.596941401916059, -18.579843853934204 ], [ 29.554366605119387, -18.579818881269365 ], [ 29.544946837812613, -18.535731490023124 ], [ 29.55411156263078, -18.514143819160569 ], [ 29.545501762198363, -18.45423920185911 ], [ 29.567437123046943, -18.42688007517803 ], [ 29.564418192600947, -18.406073469299809 ], [ 29.577261803273633, -18.368880584694342 ], [ 29.627254392714768, -18.370494676829598 ], [ 29.642029234822605, -18.387679118333338 ], [ 29.662069647189895, -18.383946645202077 ], [ 29.663311896853553, -18.393501482146672 ], [ 29.681822702870743, -18.395187602077758 ], [ 29.688744092777455, -18.406203483095322 ], [ 29.708786573066508, -18.402466258641343 ], [ 29.717162045262413, -18.412144667133628 ], [ 29.731500639417234, -18.408306322025265 ], [ 29.76028566957838, -18.416669159821893 ], [ 29.763915574791898, -18.426705932626476 ], [ 29.772361332972324, -18.422912633842934 ], [ 29.789570858333491, -18.43833481371502 ], [ 29.800215553988849, -18.433977471381997 ], [ 29.815201138167485, -18.442990156884264 ], [ 29.82892374675221, -18.438509802652728 ], [ 29.834170565578404, -18.390933124107278 ], [ 29.844518392286897, -18.381581414718557 ], [ 29.904089184003169, -18.417894799766898 ], [ 29.947242006260819, -18.409974431962219 ], [ 29.96303964769341, -18.387016870215451 ], [ 29.989387147840073, -18.397644496385951 ], [ 29.999959264112103, -18.378551931733007 ], [ 30.015356837239583, -18.379293958773296 ], [ 30.015015331006246, -18.366654567638999 ], [ 30.002661539318876, -18.365906756186096 ], [ 30.026924719834462, -18.306592523707266 ], [ 30.013925293681034, -18.300872657238937 ], [ 30.021980217339209, -18.284577249130045 ], [ 29.999546528663469, -18.258075932211021 ], [ 30.036362598075993, -18.227455268622194 ] ] ] } },
{ "type": "Feature", "properties": { "district": "norton", "province": "Mashonaland West", "estimate": 23.159601959438461, "lo": 14.957977687188748, "hi": 32.527003648216301, "width": 17.569025961027553, "n": 21 }, "geometry": { "type": "Polygon", "coordinates": [ [ [ 30.699692818811446, -17.845829319165365 ], [ 30.712451474909098, -17.874998586828745 ], [ 30.716790342222986, -17.854707002798108 ], [ 30.731470926803031, -17.852360812778144 ], [ 30.736724784827643, -17.863433673981952 ], [ 30.741422647675154, -17.85511902259945 ], [ 30.747590518145177, -17.864270700739748 ], [ 30.716581050931445, -17.893952729831316 ], [ 30.699407949560104, -17.892744236169925 ], [ 30.659019418603307, -17.928833622050476 ], [ 30.624395651709161, -17.8967149366912 ], [ 30.646478376688261, -17.860431771712982 ], [ 30.667713237566229, -17.845880935959009 ], [ 30.66596977378806, -17.853386925001526 ], [ 30.673662554215817, -17.847891492655496 ], [ 30.685611221879654, -17.857924268700824 ], [ 30.699692818811446, -17.845829319165365 ] ] ] } },
{ "type": "Feature", "properties": { "district": "sanyati", "province": "Mashonaland West", "estimate": 50.762606017984069, "lo": 38.445605356888493, "hi": 62.69598523034179, "width": 24.250379873453298, "n": 17 }, "geometry": { "type": "Polygon", "coordinates": [ [ [ 29.38784950944164, -17.504958403947647 ], [ 29.406478006438746, -17.533324616687381 ], [ 29.427813407661468, -17.535285756576485 ], [ 29.430001354248876, -17.545019519419977 ], [ 29.452298725376792, -17.541969265056856 ], [ 29.457740578332402, -17.550386921765469 ], [ 29.451804750785087, -17.559052605374344 ], [ 29.478922994665517, -17.567562255231387 ], [ 29.49153265439335, -17.586219709178991 ], [ 29.485712841569892, -17.621025439722978 ], [ 29.497317528141632, -17.636800668410622 ], [ 29.516349994827316, -17.640891976393171 ], [ 29.525617742933587, -17.652338866073769 ], [ 29.521234877035329, -17.667185030918841 ], [ 29.541635308117101, -17.673561516725364 ], [ 29.55606392424291, -17.704069894422918 ], [ 29.582169193673085, -17.711082425657171 ], [ 29.606151542864122, -17.744132994191332 ], [ 29.624311015078799, -17.719246036643703 ], [ 29.647968355596813, -17.728407739005664 ], [ 29.671649717065403, -17.767732796975878 ], [ 29.690473190700267, -17.773383227402565 ], [ 29.698410962367262, -17.763925483029109 ], [ 29.717031444595669, -17.774989335905467 ], [ 29.732058035968567, -17.794254830761769 ], [ 29.738686872434894, -17.827931455792438 ], [ 29.751855507950086, -17.838163245911282 ], [ 29.766602077381105, -17.814852417672679 ], [ 29.78750649028682, -17.81554445867047 ], [ 29.787851508932818, -17.858645822152923 ], [ 29.812926799702723, -17.854934516865399 ], [ 29.832188248751063, -17.840942414064596 ], [ 29.838246093564983, -17.863806192808205 ], [ 29.87077119024115, -17.881797576895845 ], [ 29.90295528374055, -17.883195665657411 ], [ 29.903666272440145, -17.893923502132658 ], [ 29.892197598887069, -17.901013061908927 ], [ 29.899018429584181, -17.935552748733631 ], [ 29.894072576022708, -17.945935560962052 ], [ 29.906127243991762, -17.957050419340579 ], [ 29.91072013241001, -17.983421469250601 ], [ 29.919115899344803, -17.988809883807448 ], [ 29.915688001882426, -17.99829562395966 ], [ 29.927953660755534, -18.005823201590044 ], [ 29.91876093095852, -18.023066549228684 ], [ 29.919195937439831, -18.049937638854949 ], [ 29.939125404276052, -18.093859039656667 ], [ 29.934105578044065, -18.142445816254991 ], [ 29.961495832690986, -18.185196116694026 ], [ 30.005769579048323, -18.177386483899134 ], [ 30.007675531891675, -18.186545194216638 ], [ 29.99643059813312, -18.197576136942853 ], [ 30.027361999053642, -18.234943054374924 ], [ 29.999546528663469, -18.258075932211021 ], [ 29.968778205204689, -18.224899694060884 ], [ 29.951380912186128, -18.24028204890217 ], [ 29.982870637615306, -18.272404566326401 ], [ 29.956001564834818, -18.295776420580758 ], [ 29.922524164125917, -18.266180177697279 ], [ 29.883918532089726, -18.305811344582168 ], [ 29.815470065916077, -18.350081976676556 ], [ 29.780343063697963, -18.359400720363755 ], [ 29.836240504978608, -18.387052823313571 ], [ 29.82892374675221, -18.438509802652728 ], [ 29.789802851848886, -18.438442822350787 ], [ 29.772361332972324, -18.422912633842934 ], [ 29.763915574791898, -18.426705932626476 ], [ 29.76028566957838, -18.416669159821893 ], [ 29.731500639417234, -18.408306322025265 ], [ 29.717162045262413, -18.412144667133628 ], [ 29.708786573066508, -18.402466258641343 ], [ 29.688744092777455, -18.406203483095322 ], [ 29.681822702870743, -18.395187602077758 ], [ 29.663311896853553, -18.393501482146672 ], [ 29.662069647189895, -18.383946645202077 ], [ 29.642029234822605, -18.387679118333338 ], [ 29.627254392714768, -18.370494676829598 ], [ 29.587059528651555, -18.373214913604922 ], [ 29.571262961604152, -18.355272536784483 ], [ 29.547839624132592, -18.356394639872061 ], [ 29.533152023710205, -18.337018149706147 ], [ 29.485620342040637, -18.305095711782549 ], [ 29.428437938899435, -18.284068122937342 ], [ 29.392751924063344, -18.255454931193295 ], [ 29.360794829446103, -18.260413336711821 ], [ 29.34756216920421, -18.217137991585624 ], [ 29.318281988556787, -18.20982844463752 ], [ 29.272838243135897, -18.175744832606316 ], [ 29.24440298460777, -18.099259914150959 ], [ 29.227511452077479, -18.08760001987476 ], [ 29.2046100411767, -18.014922384398663 ], [ 29.207902935326796, -17.997575031420656 ], [ 29.217381662659154, -17.991614560895396 ], [ 29.212762777895019, -17.97157200298901 ], [ 29.228812317713111, -17.960110098909286 ], [ 29.220074439978884, -17.949185775925237 ], [ 29.236447081346856, -17.93161787372955 ], [ 29.263849267418014, -17.875264462223505 ], [ 29.265832195999966, -17.854855867754978 ], [ 29.283432689732447, -17.84110278328669 ], [ 29.290495451109223, -17.786691529206625 ], [ 29.327285401106547, -17.765592855953841 ], [ 29.326911402809447, -17.754770010405384 ], [ 29.300562139270045, -17.748217516087784 ], [ 29.30464600092618, -17.717257092032614 ], [ 29.333927168822058, -17.70404803888519 ], [ 29.34589482058292, -17.689548896953461 ], [ 29.335157107075091, -17.667124149133695 ], [ 29.347416750829158, -17.651659930107542 ], [ 29.340203948342637, -17.644631385336453 ], [ 29.344250813782082, -17.616457176276271 ], [ 29.329919204028872, -17.599308841840386 ], [ 29.320840458763396, -17.599346850761929 ], [ 29.314252627694955, -17.576659076856863 ], [ 29.333419082596876, -17.5675543496227 ], [ 29.367255106936994, -17.532237557851559 ], [ 29.367422092070335, -17.518095448907758 ], [ 29.38784950944164, -17.504958403947647 ] ] ] } },
{ "type": "Feature", "properties": { "district": "zvimba", "province": "Mashonaland West", "estimate": 45.339538072404082, "lo": 36.020892865627431, "hi": 54.643651997912556, "width": 18.622759132285125, "n": 40 }, "geometry": { "type": "Polygon", "coordinates": [ [ [ 30.489147553710911, -16.802273832597393 ], [ 30.503744773734251, -16.817114401244542 ], [ 30.503117147794697, -16.833694368255049 ], [ 30.524101231384627, -16.853260354045389 ], [ 30.518766417186587, -16.922855870258918 ], [ 30.527387188743798, -16.959198531222739 ], [ 30.533884007897818, -16.961369699056441 ], [ 30.529510133237316, -16.966348095787559 ], [ 30.548684599314949, -16.972669586073842 ], [ 30.552361500790898, -16.981509284298586 ], [ 30.536898942637499, -16.998005597096824 ], [ 30.546256709121803, -17.052421893693424 ], [ 30.576917848295839, -17.051811830697424 ], [ 30.598360236174106, -17.031266197148557 ], [ 30.6334502493619, -17.02509369201179 ], [ 30.64059105996327, -17.048090506941943 ], [ 30.663021424872476, -17.036174554064402 ], [ 30.669305263354044, -17.063163683578647 ], [ 30.692113615978613, -17.050812698126482 ], [ 30.738874989597022, -17.061296005874659 ], [ 30.71830867561474, -17.155798935012648 ], [ 30.681956985796887, -17.217721874633373 ], [ 30.655140749226572, -17.236198344406315 ], [ 30.671445292905897, -17.240974712715445 ], [ 30.668480381751095, -17.251236523078379 ], [ 30.617734871151409, -17.362844535592405 ], [ 30.632350483281893, -17.406341948392122 ], [ 30.619523868734639, -17.454957771595996 ], [ 30.611492392003708, -17.551942411017247 ], [ 30.691245900906146, -17.559635747257165 ], [ 30.728485850266843, -17.552612178096396 ], [ 30.785424251213772, -17.557695550258803 ], [ 30.760071988282224, -17.60429821313069 ], [ 30.789851167798503, -17.639969993409068 ], [ 30.837489838818382, -17.662731751577244 ], [ 30.844607631887243, -17.650495790696347 ], [ 30.92852577536264, -17.700605843896849 ], [ 30.930486877577934, -17.6621141166518 ], [ 30.955354523668262, -17.660521724915331 ], [ 30.962545716282346, -17.713912519874448 ], [ 30.950817213118228, -17.709400221781923 ], [ 30.948627175252749, -17.757097408604231 ], [ 30.908586425261579, -17.764287718160524 ], [ 30.918504354207609, -17.779435951345729 ], [ 30.890249454930014, -17.780505685655392 ], [ 30.88934795691485, -17.796004433675957 ], [ 30.895943334730237, -17.801072681750192 ], [ 30.883234536029157, -17.811102130303677 ], [ 30.899142698089339, -17.865683688096095 ], [ 30.877434950571118, -17.875475884624535 ], [ 30.936574267981623, -17.911892306109948 ], [ 30.886869593080821, -17.936407076226704 ], [ 30.894511713916433, -17.949030243943298 ], [ 30.861822290221916, -17.923790317769065 ], [ 30.844715771979406, -17.924420374763073 ], [ 30.841065886437317, -17.945111988323905 ], [ 30.830909159237596, -17.920149048830673 ], [ 30.82246939731175, -17.919393994292655 ], [ 30.801413002934673, -17.943444876971505 ], [ 30.751251407151155, -17.923689362832263 ], [ 30.737402788288339, -17.904676888307034 ], [ 30.767838915653421, -17.87829281704628 ], [ 30.760408118996839, -17.865413816634618 ], [ 30.750747391191336, -17.866443901932868 ], [ 30.741422647675154, -17.85511902259945 ], [ 30.736724784827643, -17.863433673981952 ], [ 30.731470926803031, -17.852360812778144 ], [ 30.716790342222986, -17.854707002798108 ], [ 30.712451474909098, -17.874998586828745 ], [ 30.700598794029972, -17.846191346987158 ], [ 30.685869215334328, -17.857922268775575 ], [ 30.673662554215817, -17.847891492655496 ], [ 30.66596977378806, -17.853386925001526 ], [ 30.665878769958212, -17.842272057943187 ], [ 30.63328068157189, -17.829938112086282 ], [ 30.632167724630428, -17.851425789069253 ], [ 30.624398933254916, -17.831731256020532 ], [ 30.607511406312398, -17.825805802244012 ], [ 30.597778684825091, -17.834281469060596 ], [ 30.604023521151991, -17.857320262021929 ], [ 30.559031772049408, -17.826175855656672 ], [ 30.549944032851283, -17.835194563745546 ], [ 30.553250945211136, -17.845917398797305 ], [ 30.563260669402844, -17.856097186911622 ], [ 30.569533498132323, -17.866798019307634 ], [ 30.56994948817745, -17.87037729808452 ], [ 30.55941177917752, -17.858844403814889 ], [ 30.545090182046248, -17.85820736093541 ], [ 30.538526359351827, -17.843061182924796 ], [ 30.524454773245591, -17.875406713179459 ], [ 30.512999078551793, -17.844356296596153 ], [ 30.442800047417986, -17.827925052217847 ], [ 30.42775447284642, -17.832164390699898 ], [ 30.419898702991834, -17.847282573648418 ], [ 30.408950996608031, -17.822407639394701 ], [ 30.343839857953419, -17.869171321776701 ], [ 30.318190577852949, -17.864255951923106 ], [ 30.303520995838493, -17.872806627204145 ], [ 30.162321960629271, -17.852319107169045 ], [ 30.129855887758772, -17.872980736861415 ], [ 30.102604644707085, -17.856540469778356 ], [ 30.072858492650493, -17.872673746279606 ], [ 29.967473452560967, -17.859816805286972 ], [ 29.911023050612304, -17.874304967887291 ], [ 29.902157306680419, -17.883199666648942 ], [ 29.87077119024115, -17.881797576895845 ], [ 29.838246093564983, -17.863806192808205 ], [ 29.836015149116491, -17.852370303099523 ], [ 29.863266378693449, -17.849151035053541 ], [ 29.884089773442099, -17.818430625303062 ], [ 29.931333423790548, -17.788442255773468 ], [ 29.94840592822317, -17.765462451251675 ], [ 29.956301672209669, -17.711458224966545 ], [ 29.988647725666702, -17.655670842210721 ], [ 30.01041410083366, -17.635110220416372 ], [ 30.215060321703284, -17.597223138281617 ], [ 30.228066937073926, -17.56394752298014 ], [ 30.223182052170863, -17.527113638391775 ], [ 30.228802889057015, -17.517964918052794 ], [ 30.216529225296423, -17.503742809351497 ], [ 30.21063437170594, -17.470872231936735 ], [ 30.200916641304133, -17.465123786070574 ], [ 30.197006571316425, -17.44659371690053 ], [ 30.205944168792936, -17.443479286904161 ], [ 30.207665820577741, -17.390615392726939 ], [ 30.222489978398063, -17.368747203143482 ], [ 30.213693214300275, -17.349679707751768 ], [ 30.220176018837559, -17.327172933640835 ], [ 30.239943451156172, -17.305687233380315 ], [ 30.245991268974976, -17.283735502426875 ], [ 30.267263667753689, -17.277056963592919 ], [ 30.25496900228007, -17.258306493652139 ], [ 30.263150767157988, -17.248021680178631 ], [ 30.254457995630759, -17.222361662917653 ], [ 30.274339416074081, -17.18409363540912 ], [ 30.272872442062319, -17.15796657516977 ], [ 30.29422683816184, -17.148485815845003 ], [ 30.296988747130452, -17.125932035079607 ], [ 30.330491791147434, -17.09741676625076 ], [ 30.337916550227035, -17.038643119073871 ], [ 30.332873675021673, -17.008141711412893 ], [ 30.344987329965551, -16.998962979208102 ], [ 30.338185516602913, -16.991485391103634 ], [ 30.341767405067916, -16.971994847056223 ], [ 30.357483960071249, -16.963068133167329 ], [ 30.375772448326895, -16.964715253632505 ], [ 30.373922492865063, -16.951689223641807 ], [ 30.364145765606981, -16.950018097237958 ], [ 30.370449582620509, -16.937850130161241 ], [ 30.36163382723926, -16.933380781398817 ], [ 30.363707764142461, -16.924425070582878 ], [ 30.404077609242972, -16.879719510075351 ], [ 30.423644060584717, -16.88103760542117 ], [ 30.428675899986889, -16.843276610392433 ], [ 30.461760973173476, -16.843938646324151 ], [ 30.463445916202467, -16.826334248679196 ], [ 30.479472463640676, -16.819531702021308 ], [ 30.489147553710911, -16.802273832597393 ] ] ] } },
{ "type": "Feature", "properties": { "district": "binga", "province": "Matabeleland North", "estimate": 42.52276642861856, "lo": 34.12400653635909, "hi": 51.163091329035545, "width": 17.039084792676455, "n": 54 }, "geometry": { "type": "Polygon", "coordinates": [ [ [ 28.020364389740021, -16.980475073528574 ], [ 28.040114863658605, -17.00952435818817 ], [ 28.032630081846605, -17.019336140635467 ], [ 28.067751105772729, -17.026598688333507 ], [ 28.047047700793676, -17.045040162253844 ], [ 28.052704576289045, -17.083192176737967 ], [ 28.032464159413909, -17.102419714319272 ], [ 28.046251781768856, -17.11136940972191 ], [ 28.070919082888391, -17.10104457319289 ], [ 28.092870489440969, -17.12400336984242 ], [ 28.087384652273709, -17.134118172946486 ], [ 28.09511344795629, -17.147883253775255 ], [ 28.118029796941808, -17.136398328115206 ], [ 28.143038104830229, -17.145342014103424 ], [ 28.131037460643338, -17.167613782675975 ], [ 28.135500361041277, -17.195342968195874 ], [ 28.145840080453052, -17.204579689125019 ], [ 28.153880852051856, -17.20194947367488 ], [ 28.155963804446394, -17.212865333598128 ], [ 28.136007370185879, -17.221407024288336 ], [ 28.150517972851386, -17.2317648289788 ], [ 28.143702172719479, -17.242532684136595 ], [ 28.164668597225628, -17.254416604049531 ], [ 28.150813988397044, -17.257912891107647 ], [ 28.147150082849073, -17.249570236600253 ], [ 28.142134234356831, -17.260841128877729 ], [ 28.170558443605607, -17.267727648855164 ], [ 28.163520677850002, -17.307137758548016 ], [ 28.171767448414695, -17.307973817853991 ], [ 28.17312342389399, -17.32344103522755 ], [ 28.18204016698121, -17.315756422882068 ], [ 28.197851735892304, -17.32911446156022 ], [ 28.196335790222108, -17.341793461182792 ], [ 28.233819751655926, -17.355056474980103 ], [ 28.242391528197913, -17.372936874538251 ], [ 28.239398629131145, -17.39195137407993 ], [ 28.250369328792047, -17.400964074343307 ], [ 28.24348354271218, -17.425095977619225 ], [ 28.251197346411054, -17.446219631807715 ], [ 28.227724023981722, -17.469330467724095 ], [ 28.226904077721006, -17.504039195085074 ], [ 28.208656609235437, -17.525857922554465 ], [ 28.204563740171228, -17.544253370678742 ], [ 28.209776608966596, -17.561516720614623 ], [ 28.202229835314544, -17.576518904236302 ], [ 28.218801372668722, -17.580278184601543 ], [ 28.197939989961775, -17.615833991250181 ], [ 28.194842122752036, -17.666491961842041 ], [ 28.181048522106543, -17.679425986674392 ], [ 28.182292501026172, -17.694642176917935 ], [ 28.143272636047534, -17.737370553272807 ], [ 28.11671237172342, -17.72717077779841 ], [ 28.093706033104244, -17.744438148382443 ], [ 28.093451052598141, -17.757962205754556 ], [ 28.069908743146698, -17.789546696326031 ], [ 28.091225189913573, -17.838254483008996 ], [ 28.076828626572755, -17.872442164717317 ], [ 28.079613565648945, -17.891210626750119 ], [ 28.069349873351957, -17.910716158133376 ], [ 28.06853591975262, -17.936551172863702 ], [ 28.049863448424908, -17.940517499067379 ], [ 28.008278691184806, -18.018144583346107 ], [ 28.030397883270062, -18.061139836198329 ], [ 28.050217766422591, -18.052669556981751 ], [ 28.070922424551835, -18.059398783849151 ], [ 28.069807774280445, -18.137717362068287 ], [ 28.049207127584801, -18.149995812115638 ], [ 28.050979403026908, -18.180398662761398 ], [ 28.101917487272043, -18.186195600789556 ], [ 28.109894834218885, -18.189951154011005 ], [ 28.106751826668575, -18.196051695596225 ], [ 28.090115096775627, -18.206791144904738 ], [ 28.027266694843476, -18.205617365925001 ], [ 28.001954212005213, -18.223228743894992 ], [ 27.995645260220041, -18.238706736660461 ], [ 27.957739328651673, -18.242304050233351 ], [ 27.927745200250332, -18.26916716027845 ], [ 27.902286919045562, -18.272572447182714 ], [ 27.857818871575169, -18.33691772275478 ], [ 27.854085106736793, -18.385904002282565 ], [ 27.575249278596814, -18.426673683951606 ], [ 27.517711832511488, -18.366370074055222 ], [ 27.332925078125754, -18.410626680704489 ], [ 27.34335831485145, -18.436657142474107 ], [ 27.465548660899806, -18.438695406276672 ], [ 27.389193662850538, -18.497266026762219 ], [ 27.31056885474915, -18.500465932507396 ], [ 27.298547870908166, -18.489924586092904 ], [ 27.297626551564594, -18.497599051440204 ], [ 27.283078385840994, -18.498816319656399 ], [ 27.277523425106754, -18.507566671645137 ], [ 27.265127431463281, -18.507755864492353 ], [ 27.24732177060427, -18.494066815136414 ], [ 27.2230791552144, -18.501124946674832 ], [ 27.235534897607888, -18.483528414704423 ], [ 27.239080762739178, -18.45163894665864 ], [ 27.277375665732254, -18.433758525154737 ], [ 27.298197080597429, -18.433949519218427 ], [ 27.2936441537436, -18.384655709605653 ], [ 27.262222028333117, -18.375456029091055 ], [ 27.269076798288083, -18.341906424268483 ], [ 27.200350740102671, -18.351631246817075 ], [ 27.188604050547635, -18.334307917071751 ], [ 27.1561989490278, -18.322883063585866 ], [ 27.147835157629764, -18.299612268557578 ], [ 27.116878027157885, -18.299310276944102 ], [ 27.124468786824384, -18.275028387201733 ], [ 27.119339886261731, -18.234683260459192 ], [ 27.057101631741819, -18.233742251921893 ], [ 27.052762743768604, -18.22419951608304 ], [ 27.043749997725136, -18.225871654833988 ], [ 27.041914038018081, -18.215210828492367 ], [ 26.988167551590127, -18.219449213039066 ], [ 26.964971187848441, -18.206044195680501 ], [ 26.957636370794834, -18.186293669584803 ], [ 26.972209942675587, -18.169818375154712 ], [ 26.971137959694111, -18.158489494844211 ], [ 26.869026827844166, -18.16053676104762 ], [ 26.852227279208879, -18.142890405343191 ], [ 26.864315914285218, -18.120091620886928 ], [ 26.866823806652153, -18.088141131967294 ], [ 26.890133131753586, -18.069981693914364 ], [ 26.884069268236289, -18.040339391726114 ], [ 26.891262060752403, -18.035373998162573 ], [ 26.881761296855665, -18.00898595160146 ], [ 26.921328172068286, -17.994944815372172 ], [ 26.923610085136072, -17.974836245846799 ], [ 26.967719835062454, -17.96258424437962 ], [ 26.984070383263838, -17.967705628147606 ], [ 27.019893360645202, -17.95220538254522 ], [ 27.040759784695105, -17.960170983073837 ], [ 27.082302554690784, -17.900628295147161 ], [ 27.153419489790835, -17.834898090179909 ], [ 27.144130718419092, -17.804915754585771 ], [ 27.319622573131756, -17.587857582036801 ], [ 27.552853865484611, -17.410170402739659 ], [ 27.620723889384209, -17.331932182030485 ], [ 27.629853557458098, -17.253258971660216 ], [ 27.642773330895974, -17.225415976208911 ], [ 27.826829729780943, -16.963820919610974 ], [ 28.013959476333344, -16.87657984500764 ], [ 28.02984199687884, -16.896178469714886 ], [ 28.033006007933828, -16.948921563542147 ], [ 28.020364389740021, -16.980475073528574 ] ] ] } },
{ "type": "Feature", "properties": { "district": "bubi", "province": "Matabeleland North", "estimate": 24.68449042987821, "lo": 16.012935902837818, "hi": 34.679897956717902, "width": 18.666962053880084, "n": 22 }, "geometry": { "type": "Polygon", "coordinates": [ [ [ 28.293328740984347, -19.134254372616347 ], [ 28.521275327167462, -19.172608099225357 ], [ 28.834544565584295, -19.296248251191884 ], [ 29.002813707560374, -19.195616458132545 ], [ 29.032174913551806, -19.240104822023955 ], [ 29.017015367922568, -19.267886947837365 ], [ 29.034203917621856, -19.310373165045991 ], [ 29.050162467983537, -19.313985426864338 ], [ 29.092033332347558, -19.373476912866519 ], [ 29.15136366931846, -19.397281674130092 ], [ 29.163238354430547, -19.422722595285304 ], [ 29.19344651812332, -19.447851477296521 ], [ 29.196240446641866, -19.458581288404584 ], [ 29.207289133545412, -19.459529351091309 ], [ 29.233794592553846, -19.482402615584089 ], [ 29.215483989571485, -19.529599888610463 ], [ 29.171861080721332, -19.497669827826485 ], [ 29.107254231112211, -19.49031476074709 ], [ 29.082126801223691, -19.509743755764816 ], [ 29.09436774564686, -19.534249828964079 ], [ 29.127096413144145, -19.534737292638845 ], [ 29.195084928419373, -19.564659012100851 ], [ 29.115732079808406, -19.601272834790947 ], [ 29.069170486116644, -19.654355632033738 ], [ 29.041662856695076, -19.657280000256335 ], [ 29.102941361938086, -19.709346763857631 ], [ 29.103500270350871, -19.775383659284124 ], [ 29.085816375229658, -19.807209151075796 ], [ 29.097852980773801, -19.81402720359586 ], [ 29.046580794208289, -19.853188120324138 ], [ 28.955004621627513, -19.821679896980985 ], [ 28.991437696115376, -19.942692961035391 ], [ 28.983322058021468, -19.956796937924199 ], [ 28.952479422328107, -19.902226224618769 ], [ 28.870543349538025, -19.910354221073753 ], [ 28.871593880753764, -19.915566808405554 ], [ 28.821274991756866, -19.92719645684366 ], [ 28.814665285811348, -19.96782671040096 ], [ 28.788034653753019, -19.972573787583265 ], [ 28.780538104908018, -19.999645182222899 ], [ 28.754546466071485, -19.972030360334514 ], [ 28.70292696117059, -19.998770409634634 ], [ 28.671812805190239, -19.95559819831734 ], [ 28.655784267981954, -19.963345792615804 ], [ 28.650014414963117, -19.945724475989397 ], [ 28.636232796944725, -19.934794667317714 ], [ 28.642728601901691, -19.924589894959702 ], [ 28.626586063094017, -19.926722069289518 ], [ 28.621209199655816, -19.909775800635646 ], [ 28.612544446581364, -19.910903893691604 ], [ 28.621510182886986, -19.90102114309494 ], [ 28.606572600184361, -19.892826540599398 ], [ 28.609562501572704, -19.880398603902119 ], [ 28.597014859733996, -19.881524698913186 ], [ 28.598214814019681, -19.868814743066569 ], [ 28.585073178267567, -19.859491053361587 ], [ 28.589258054579343, -19.855536752041633 ], [ 28.568351642021895, -19.847620174808593 ], [ 28.567327500614564, -19.833710062581552 ], [ 28.549739904891251, -19.832614701729653 ], [ 28.52648684397872, -19.803957694139747 ], [ 28.551330221188479, -19.723026586246615 ], [ 28.500103414815442, -19.678487491383358 ], [ 28.492937596014944, -19.654856714364971 ], [ 28.536194304848198, -19.590726830154342 ], [ 28.401645104214651, -19.508692737629342 ], [ 28.071934233797446, -19.357936604829462 ], [ 28.066340506261749, -19.466736868293832 ], [ 27.939866025452911, -19.407369483834469 ], [ 28.213702878180971, -19.188926586168133 ], [ 28.26007942701084, -19.201954173120331 ], [ 28.258028837321021, -19.2148549095973 ], [ 28.284647070832257, -19.219662891648309 ], [ 28.293328740984347, -19.134254372616347 ] ] ] } },
{ "type": "Feature", "properties": { "district": "hwange", "province": "Matabeleland North", "estimate": 39.024846885011229, "lo": 28.364538082726177, "hi": 50.042423283816092, "width": 21.677885201089914, "n": 22 }, "geometry": { "type": "Polygon", "coordinates": [ [ [ 25.263026304171373, -17.790121698216435 ], [ 25.348358986043511, -17.837597309384016 ], [ 25.368969401934422, -17.831412800158919 ], [ 25.396321661419321, -17.848935137646084 ], [ 25.432270659861697, -17.850850243699135 ], [ 25.457034953905918, -17.839895356815113 ], [ 25.515653345455906, -17.862475051474863 ], [ 25.552634278230855, -17.835570901283685 ], [ 25.619519412618089, -17.83864806298612 ], [ 25.643712728473108, -17.832599560105365 ], [ 25.66997896884758, -17.812377947159273 ], [ 25.694231287841365, -17.80971670914537 ], [ 25.704268039616661, -17.834968673746783 ], [ 25.748877809784904, -17.847553604541812 ], [ 25.767094297179913, -17.844561350010661 ], [ 25.790208670775243, -17.860358557687004 ], [ 25.793107610536669, -17.876646827680197 ], [ 25.820242871195454, -17.890788902217309 ], [ 25.80953921457635, -17.925242605910135 ], [ 25.809970265723351, -17.973727391060478 ], [ 25.847166182410891, -17.940896783649634 ], [ 25.850044112383969, -17.949187427765221 ], [ 25.86356173889672, -17.952149644412518 ], [ 25.865489713019031, -17.974259367303322 ], [ 25.910788464963872, -17.988832451116316 ], [ 25.916634314549302, -17.999158249715624 ], [ 25.940229648866701, -17.995086905499665 ], [ 25.969471838865964, -18.00145436831307 ], [ 25.99481009978641, -17.97776549007045 ], [ 26.012429600980944, -17.973237116296769 ], [ 26.033504017360698, -17.978365492548342 ], [ 26.044064711563546, -17.970321852839117 ], [ 26.052059498398545, -17.978488480830119 ], [ 26.087899500650565, -17.9822537329376 ], [ 26.107466908731173, -17.947114969629293 ], [ 26.091048363451378, -17.943670718570477 ], [ 26.090007378641282, -17.932070814006703 ], [ 26.126352342792384, -17.916816581632844 ], [ 26.152751603870851, -17.916797550628356 ], [ 26.218390722879754, -17.880657653777419 ], [ 26.247776945134721, -17.916242399433852 ], [ 26.28617287086356, -17.916667390080587 ], [ 26.309563237461198, -17.934830782671803 ], [ 26.349498111125875, -17.927302150806238 ], [ 26.406526524166924, -17.934590656231826 ], [ 26.470672762604998, -17.964371910399851 ], [ 26.485950354940318, -17.980475149543754 ], [ 26.512871609957493, -17.988213723670839 ], [ 26.560449273700357, -17.985020423597849 ], [ 26.569621025138268, -17.992463993930674 ], [ 26.574850906219396, -18.015551788871036 ], [ 26.601200188619341, -18.033705175016909 ], [ 26.598963268570387, -18.048282312814504 ], [ 26.652851766065123, -18.05397069772533 ], [ 26.693393652913834, -18.074032216504154 ], [ 26.700624430697406, -18.057205899009208 ], [ 26.747898060544063, -18.018677846796656 ], [ 26.799332623887377, -18.022779112544566 ], [ 26.804277469544672, -18.009310057527568 ], [ 26.829942751338134, -18.009648056407599 ], [ 26.82486487867126, -17.997783137820196 ], [ 26.83068270801758, -17.990634573456457 ], [ 26.861469846692689, -17.992154661093508 ], [ 26.876345417796852, -17.981294798897796 ], [ 26.895697882353016, -17.987135234144109 ], [ 26.923447090319264, -17.97499025809493 ], [ 26.921328172068286, -17.994944815372172 ], [ 26.881679299534767, -18.009142963403725 ], [ 26.891262060752403, -18.035373998162573 ], [ 26.884069268236289, -18.040339391726114 ], [ 26.890133131753586, -18.069981693914364 ], [ 26.866823806652153, -18.088141131967294 ], [ 26.853108257905273, -18.146323671871109 ], [ 26.869026827844166, -18.16053676104762 ], [ 26.971137959694111, -18.158489494844211 ], [ 26.972209942675587, -18.169818375154712 ], [ 26.957636370794834, -18.186293669584803 ], [ 26.964971187848441, -18.206044195680501 ], [ 26.988167551590127, -18.219449213039066 ], [ 27.041914038018081, -18.215210828492367 ], [ 27.043749997725136, -18.225871654833988 ], [ 27.052762743768604, -18.22419951608304 ], [ 27.057101631741819, -18.233742251921893 ], [ 27.119339886261731, -18.234683260459192 ], [ 27.125100739057075, -18.248327313421608 ], [ 27.118239990807744, -18.300886397782577 ], [ 27.147835157629764, -18.299612268557578 ], [ 27.156389943433634, -18.323070078657164 ], [ 27.188604050547635, -18.334307917071751 ], [ 27.202347685097923, -18.352589318521702 ], [ 27.269076798288083, -18.341906424268483 ], [ 27.262222028333117, -18.375456029091055 ], [ 27.2936441537436, -18.384655709605653 ], [ 27.298147082165315, -18.434038526077824 ], [ 27.277375665732254, -18.433758525154737 ], [ 27.239080762739178, -18.45163894665864 ], [ 27.235534897607888, -18.483528414704423 ], [ 27.222700275472405, -18.498773606247326 ], [ 27.180850467607844, -18.511588637685236 ], [ 27.148095430050915, -18.547622453933933 ], [ 27.147843448119776, -18.557423211045386 ], [ 27.135775794998878, -18.563636702399126 ], [ 27.135962819743039, -18.59033176156429 ], [ 27.103338735003049, -18.587973613730863 ], [ 27.074189092132503, -18.598568022747727 ], [ 27.035995018723543, -18.665853603488966 ], [ 27.141543218035558, -18.733419827160596 ], [ 27.157007756979006, -18.731673757994066 ], [ 27.153395317701587, -18.761150279645456 ], [ 27.181620491730879, -18.777595437139755 ], [ 27.242678061733489, -18.782829122017386 ], [ 27.336322548677348, -18.805573086925012 ], [ 27.366370521192227, -18.860028050988166 ], [ 27.283078992112458, -18.955782271971042 ], [ 27.468296462621584, -19.098084025239576 ], [ 27.446528668106641, -19.122682296831311 ], [ 27.442848796795722, -19.145044007078493 ], [ 27.459511376605665, -19.190040423297116 ], [ 27.454214555748628, -19.21621842416269 ], [ 27.418355566700782, -19.213479251473071 ], [ 27.390631367827126, -19.228750443972164 ], [ 27.35838226503877, -19.216306529068955 ], [ 27.349494528547019, -19.228045432698902 ], [ 27.299958938123503, -19.235480050580342 ], [ 27.28007451639856, -19.250595222465854 ], [ 27.27884856576458, -19.262662144014506 ], [ 27.242810605355469, -19.281185591443432 ], [ 27.233628879914516, -19.293382530227646 ], [ 27.234286885076404, -19.313741078842842 ], [ 27.204626735015715, -19.323396844875138 ], [ 27.134553704249466, -19.314712259146635 ], [ 27.008863277463199, -19.332625757762713 ], [ 26.991255769676997, -19.327481385382594 ], [ 26.993288717351827, -19.332320751870526 ], [ 26.977351172287122, -19.336351076172758 ], [ 26.928898546742715, -19.340339431873865 ], [ 26.895030554921977, -19.38171661545115 ], [ 26.872440247643162, -19.425648978071095 ], [ 26.872126283749395, -19.447195614371442 ], [ 26.86377352634646, -19.452636036950093 ], [ 26.758327890216915, -19.752459845655771 ], [ 26.743504327961492, -19.766454918583129 ], [ 26.718675149472269, -19.856743752425658 ], [ 26.698032774205025, -19.887474089328638 ], [ 26.616299073807927, -19.875998321267776 ], [ 26.572111215362899, -19.793167133796384 ], [ 26.525864487430759, -19.765474100800798 ], [ 26.431844113853327, -19.740641338794752 ], [ 26.415306558856212, -19.723399056207299 ], [ 26.390635181180606, -19.667049828694591 ], [ 26.350698316807694, -19.672389280451544 ], [ 26.329052915940952, -19.663090603181697 ], [ 26.329397886985326, -19.64838149020817 ], [ 26.357183050968889, -19.611017630596301 ], [ 26.311993277210462, -19.5735748494339 ], [ 26.244817186509128, -19.582231586098718 ], [ 26.215331988728494, -19.560035941686991 ], [ 26.169070269697134, -19.541092562443694 ], [ 26.142299881378396, -19.436199635641351 ], [ 26.1272512911493, -19.425361829925748 ], [ 26.110174685930311, -19.362063039025532 ], [ 26.077014530658531, -19.296056055439045 ], [ 26.071658644692594, -19.269008000540502 ], [ 26.044428366512214, -19.23598951623698 ], [ 26.042202390665352, -19.20751634754394 ], [ 25.975578161162659, -19.129593477820073 ], [ 25.965963400157285, -19.106575731602081 ], [ 25.967943280798075, -19.060618213137417 ], [ 25.99668843121319, -19.030185848060214 ], [ 25.986835634650539, -18.976709764024939 ], [ 25.968163107639388, -18.937685793960561 ], [ 25.944168733603092, -18.901936081436634 ], [ 25.924903269067148, -18.89679070906266 ], [ 25.826112960842831, -18.834878075177834 ], [ 25.796711672075297, -18.750492620974647 ], [ 25.791758736248262, -18.695871420400952 ], [ 25.804091373535801, -18.683798474399737 ], [ 25.782954883612824, -18.622977810183471 ], [ 25.759570513258154, -18.603062301792541 ], [ 25.71974661385185, -18.590615389768811 ], [ 25.691482378376822, -18.569266776076912 ], [ 25.649024466815007, -18.495243107214726 ], [ 25.604570686373801, -18.475194610581486 ], [ 25.574954456782759, -18.43226632433306 ], [ 25.521398884836202, -18.37916827783852 ], [ 25.500550381347338, -18.315049330863229 ], [ 25.461624392161159, -18.257961946852898 ], [ 25.456510489906364, -18.224884382680884 ], [ 25.419152440007892, -18.155720049752468 ], [ 25.394892070357699, -18.120284320188716 ], [ 25.36869879386742, -18.113474822593592 ], [ 25.362650932960438, -18.091916150647485 ], [ 25.320456092080658, -18.076897033495321 ], [ 25.291191843118266, -18.028223273872552 ], [ 25.26862436847064, -17.951551316790141 ], [ 25.237597176659715, -17.908559997045177 ], [ 25.23920108273445, -17.873214230922638 ], [ 25.264768291071846, -17.816063727443435 ], [ 25.263026304171373, -17.790121698216435 ] ], [ [ 26.555221679613158, -18.202538360339688 ], [ 26.473112119606622, -18.315023182975189 ], [ 26.449282784942284, -18.311915967795002 ], [ 26.438882090572378, -18.323805901145825 ], [ 26.42385451553675, -18.326812151134138 ], [ 26.412425849342615, -18.337658004639469 ], [ 26.418649680363263, -18.342064339630802 ], [ 26.352651599037145, -18.394709492315375 ], [ 26.392914579620275, -18.483854344121937 ], [ 26.484069973295476, -18.446354341224673 ], [ 26.508579290410324, -18.450697650267223 ], [ 26.536654457490425, -18.414071785320868 ], [ 26.55131698237053, -18.362521776729459 ], [ 26.542742201866584, -18.344564394395416 ], [ 26.546582012853296, -18.277463187584619 ], [ 26.532631384903411, -18.261916996806644 ], [ 26.533646337452069, -18.246315784305171 ], [ 26.588518737252965, -18.194667712956711 ], [ 26.571384213130411, -18.19126846776091 ], [ 26.555221679613158, -18.202538360339688 ] ] ] } },
{ "type": "Feature", "properties": { "district": "hwange urban", "province": "Matabeleland North", "estimate": 12.859298643250384, "lo": 7.4945907118390265, "hi": 19.413500406030284, "width": 11.918909694191257, "n": 27 }, "geometry": { "type": "Polygon", "coordinates": [ [ [ 26.571384213130411, -18.19126846776091 ], [ 26.588518737252965, -18.194667712956711 ], [ 26.533646337452069, -18.246315784305171 ], [ 26.532631384903411, -18.261916996806644 ], [ 26.546582012853296, -18.277463187584619 ], [ 26.542742201866584, -18.344564394395416 ], [ 26.55131698237053, -18.362521776729459 ], [ 26.536654457490425, -18.414071785320868 ], [ 26.508579290410324, -18.450697650267223 ], [ 26.484069973295476, -18.446354341224673 ], [ 26.392914579620275, -18.483854344121937 ], [ 26.352651599037145, -18.394709492315375 ], [ 26.418649680363263, -18.342064339630802 ], [ 26.412425849342615, -18.337658004639469 ], [ 26.42385451553675, -18.326812151134138 ], [ 26.438882090572378, -18.323805901145825 ], [ 26.449282784942284, -18.311915967795002 ], [ 26.473112119606622, -18.315023182975189 ], [ 26.515034856338506, -18.243528588493525 ], [ 26.571384213130411, -18.19126846776091 ] ] ] } },
{ "type": "Feature", "properties": { "district": "lupane", "province": "Matabeleland North", "estimate": 31.947416825396189, "lo": 24.009223220284749, "hi": 40.516712195628138, "width": 16.507488975343389, "n": 47 }, "geometry": { "type": "Polygon", "coordinates": [ [ [ 27.957739328651673, -18.242304050233351 ], [ 27.998676174192195, -18.238225696825562 ], [ 27.999463038169957, -18.546735707095973 ], [ 28.07106744494326, -18.552857968290844 ], [ 28.086229006392969, -18.54100104024473 ], [ 28.111244297788655, -18.538291809133749 ], [ 28.152288159628146, -18.558075298605143 ], [ 28.17906639926068, -18.552113816370415 ], [ 28.221753208788304, -18.565832836994556 ], [ 28.259043152990298, -18.560814416656275 ], [ 28.289579459578956, -18.566629525814321 ], [ 28.305275942621908, -18.659003942206695 ], [ 28.316318638660739, -18.667513586697723 ], [ 28.306311938196821, -18.685147952755251 ], [ 28.323961468265352, -18.71413816674465 ], [ 28.327307401643342, -18.743830446604431 ], [ 28.318188702904475, -18.789237943234362 ], [ 28.2998822267819, -18.796456513328973 ], [ 28.309542978841346, -18.822804526808454 ], [ 28.314849046939887, -19.047415723133327 ], [ 28.435487664717005, -19.079134040628045 ], [ 28.436911701051837, -19.158193072760923 ], [ 28.293328740984347, -19.134254372616347 ], [ 28.284647070832257, -19.219662891648309 ], [ 28.258028837321021, -19.2148549095973 ], [ 28.26007942701084, -19.201954173120331 ], [ 28.213702878180971, -19.188926586168133 ], [ 27.936226131870828, -19.410223703586325 ], [ 27.81640261571442, -19.49349113466192 ], [ 27.808717827596503, -19.488386756345303 ], [ 27.778590695527893, -19.501561783743487 ], [ 27.769551944155676, -19.4943822486157 ], [ 27.756077328078099, -19.49649742181818 ], [ 27.721299283612844, -19.470122456505184 ], [ 27.724618174111203, -19.454878297601443 ], [ 27.715708401052563, -19.432102579237583 ], [ 27.727237067697025, -19.426428136704931 ], [ 27.714925406096185, -19.417113441595333 ], [ 27.717475319846283, -19.404140454745995 ], [ 27.72789502076353, -19.400726185163649 ], [ 27.693972971947844, -19.392400586632647 ], [ 27.699767790948215, -19.376424366722979 ], [ 27.68680216659806, -19.385432064339884 ], [ 27.675604473442025, -19.375707336798058 ], [ 27.664329794664759, -19.377416477603692 ], [ 27.664921764675604, -19.365498571532786 ], [ 27.6549250417991, -19.360078169767117 ], [ 27.670635588874756, -19.352693593009509 ], [ 27.661144836693843, -19.334050185150801 ], [ 27.677799372096167, -19.340203637069038 ], [ 27.667036671048162, -19.334452210101411 ], [ 27.677789355882521, -19.324800465311458 ], [ 27.669246589531586, -19.31856099926285 ], [ 27.684873766659958, -19.315413028615218 ], [ 27.688617183895634, -19.284040775146003 ], [ 27.69526623964385, -19.285942628967639 ], [ 27.701380997225417, -19.274387032904556 ], [ 27.697798638942881, -19.255314887578994 ], [ 27.741038401061392, -19.256879884625253 ], [ 27.706055163423329, -19.201471152658709 ], [ 27.696603404416695, -19.161310960924649 ], [ 27.704777788739083, -19.151592153528437 ], [ 27.704077929269829, -19.130050683994281 ], [ 27.683284299298471, -19.104205181495271 ], [ 27.692243035034199, -19.100701499313079 ], [ 27.694092768611856, -19.106622827023539 ], [ 27.708710786435358, -19.09198319710999 ], [ 27.468296462621584, -19.098084025239576 ], [ 27.283078992112458, -18.955782271971042 ], [ 27.366370521192227, -18.860028050988166 ], [ 27.336322548677348, -18.805573086925012 ], [ 27.242678061733489, -18.782829122017386 ], [ 27.181620491730879, -18.777595437139755 ], [ 27.153395317701587, -18.761150279645456 ], [ 27.157007756979006, -18.731673757994066 ], [ 27.141543218035558, -18.733419827160596 ], [ 27.035995018723543, -18.665853603488966 ], [ 27.074189092132503, -18.598568022747727 ], [ 27.103338735003049, -18.587973613730863 ], [ 27.135962819743039, -18.59033176156429 ], [ 27.135775794998878, -18.563636702399126 ], [ 27.184101372705999, -18.508973432738802 ], [ 27.243728927183717, -18.494071475155074 ], [ 27.277523425106754, -18.507566671645137 ], [ 27.283078385840994, -18.498816319656399 ], [ 27.297626551564594, -18.497599051440204 ], [ 27.298547870908166, -18.489924586092904 ], [ 27.31056885474915, -18.500465932507396 ], [ 27.389193662850538, -18.497266026762219 ], [ 27.465548660899806, -18.438695406276672 ], [ 27.34335831485145, -18.436657142474107 ], [ 27.332925078125754, -18.410626680704489 ], [ 27.517711832511488, -18.366370074055222 ], [ 27.575249278596814, -18.426673683951606 ], [ 27.854085106736793, -18.385904002282565 ], [ 27.857818871575169, -18.33691772275478 ], [ 27.902286919045562, -18.272572447182714 ], [ 27.927745200250332, -18.26916716027845 ], [ 27.957739328651673, -18.242304050233351 ] ] ] } },
{ "type": "Feature", "properties": { "district": "nkayi", "province": "Matabeleland North", "estimate": 36.526328331111401, "lo": 27.311230432349298, "hi": 46.379021808494464, "width": 19.067791376145166, "n": 36 }, "geometry": { "type": "Polygon", "coordinates": [ [ [ 28.682258003025211, -18.550935717179133 ], [ 28.750592363396031, -18.570652853099165 ], [ 29.090306711991413, -18.578616118883993 ], [ 29.129049646128912, -18.612923731855098 ], [ 29.125465764301978, -18.633378309619882 ], [ 28.866923418341685, -18.72333023335106 ], [ 28.937664392303564, -19.00989533598905 ], [ 28.9510650213345, -19.020109107017291 ], [ 28.977649269780176, -19.021008154002431 ], [ 28.97466836771466, -19.036571346167971 ], [ 29.001780624324365, -19.064762477817773 ], [ 29.017344655273881, -19.102392071300134 ], [ 29.003108084581751, -19.125938709969464 ], [ 29.008397911150446, -19.129715613901627 ], [ 29.000872762642519, -19.141301505075965 ], [ 29.002813707560374, -19.195616458132545 ], [ 28.834544565584295, -19.296248251191884 ], [ 28.521275327167462, -19.172608099225357 ], [ 28.436911701051837, -19.158193072760923 ], [ 28.435487664717005, -19.079134040628045 ], [ 28.31463905226753, -19.046452649864978 ], [ 28.309542978841346, -18.822804526808454 ], [ 28.2998822267819, -18.796456513328973 ], [ 28.318188702904475, -18.789237943234362 ], [ 28.327307401643342, -18.743830446604431 ], [ 28.323961468265352, -18.71413816674465 ], [ 28.306311938196821, -18.685147952755251 ], [ 28.316318638660739, -18.667513586697723 ], [ 28.305275942621908, -18.659003942206695 ], [ 28.289579459578956, -18.566629525814321 ], [ 28.314119602376056, -18.562975535558579 ], [ 28.329607172322408, -18.56978704692046 ], [ 28.407525962991247, -18.558359099767195 ], [ 28.457987549369115, -18.567735780779429 ], [ 28.571618936023963, -18.555337031668817 ], [ 28.594827483616591, -18.562782443142574 ], [ 28.644712859130067, -18.561863206045036 ], [ 28.682258003025211, -18.550935717179133 ] ] ] } },
{ "type": "Feature", "properties": { "district": "tsholotsho", "province": "Matabeleland North", "estimate": 29.473884772508761, "lo": 21.564446897791836, "hi": 38.23038079767521, "width": 16.665933899883374, "n": 42 }, "geometry": { "type": "Polygon", "coordinates": [ [ [ 27.708710786435358, -19.09198319710999 ], [ 27.696217183648066, -19.105458066989957 ], [ 27.686154296258145, -19.099422950563611 ], [ 27.683284299298471, -19.104205181495271 ], [ 27.704077929269829, -19.130050683994281 ], [ 27.704777788739083, -19.151592153528437 ], [ 27.696603404416695, -19.161310960924649 ], [ 27.706055163423329, -19.201471152658709 ], [ 27.741038401061392, -19.256879884625253 ], [ 27.697798638942881, -19.255314887578994 ], [ 27.701380997225417, -19.274387032904556 ], [ 27.69526623964385, -19.285942628967639 ], [ 27.688617183895634, -19.284040775146003 ], [ 27.684873766659958, -19.315413028615218 ], [ 27.669246589531586, -19.31856099926285 ], [ 27.677789355882521, -19.324800465311458 ], [ 27.667036671048162, -19.334452210101411 ], [ 27.677799372096167, -19.340203637069038 ], [ 27.661144836693843, -19.334050185150801 ], [ 27.670635588874756, -19.352693593009509 ], [ 27.6549250417991, -19.360078169767117 ], [ 27.664921764675604, -19.365498571532786 ], [ 27.664329794664759, -19.377416477603692 ], [ 27.675604473442025, -19.375707336798058 ], [ 27.68680216659806, -19.385432064339884 ], [ 27.699767790948215, -19.376424366722979 ], [ 27.693972971947844, -19.392400586632647 ], [ 27.72789502076353, -19.400726185163649 ], [ 27.717475319846283, -19.404140454745995 ], [ 27.714925406096185, -19.417113441595333 ], [ 27.727237067697025, -19.426428136704931 ], [ 27.715708401052563, -19.432102579237583 ], [ 27.724618174111203, -19.454878297601443 ], [ 27.721299283612844, -19.470122456505184 ], [ 27.756077328078099, -19.49649742181818 ], [ 27.769995931993368, -19.49452525928719 ], [ 27.779700670960622, -19.507471230590824 ], [ 27.759155275141008, -19.527091737172299 ], [ 27.759811270774318, -19.540709768044795 ], [ 27.782864636201769, -19.557170990511214 ], [ 27.784022626584864, -19.579072647896545 ], [ 27.774714912427161, -19.59913817475206 ], [ 27.792506423924742, -19.612641177756824 ], [ 27.779761796812622, -19.622937968694181 ], [ 27.761957366635446, -19.681843436914907 ], [ 27.778283919042238, -19.695824475534796 ], [ 27.777131963537929, -19.706728301280904 ], [ 27.78776866778286, -19.711761670139762 ], [ 27.792489553552294, -19.729490002975812 ], [ 27.828022570031472, -19.751237608219519 ], [ 27.826315637140631, -19.768540913556784 ], [ 27.853940872206863, -19.786045206204921 ], [ 27.857691786776616, -19.805429661655719 ], [ 27.902088532269953, -19.80967893792576 ], [ 27.913961227614003, -19.839871199733128 ], [ 27.908515394221102, -19.850088973684617 ], [ 27.921285044801589, -19.863281953580554 ], [ 27.92370899947435, -19.884235527608585 ], [ 27.952210205130601, -19.897782517727389 ], [ 27.967866814656659, -19.947829262545326 ], [ 27.993732085689704, -19.95387969206093 ], [ 27.99236813676179, -19.964742509150447 ], [ 28.004250809695336, -19.974862257028587 ], [ 28.03500594319733, -19.981585731982236 ], [ 28.086376548291334, -20.041872202885898 ], [ 28.127877395697876, -20.068455154857059 ], [ 28.134666609290687, -20.086170946750705 ], [ 28.033440981844073, -20.102623802881521 ], [ 27.992643846779139, -20.122506224644606 ], [ 27.944193050225831, -20.058882252943945 ], [ 27.897167739876, -20.184150617358188 ], [ 27.868329899547337, -20.186597090195932 ], [ 27.861070094508779, -20.17699737866165 ], [ 27.837226766787502, -20.171073960327504 ], [ 27.818684298743744, -20.17488926430234 ], [ 27.805071659219074, -20.151377520024422 ], [ 27.78013636099735, -20.144331017618146 ], [ 27.766641728659014, -20.130408990040124 ], [ 27.75881995554337, -20.134504303866574 ], [ 27.740744429093017, -20.098786649299893 ], [ 27.699486569678403, -20.071205625046009 ], [ 27.682811019986456, -20.050637100746638 ], [ 27.661691610582196, -20.042322498622696 ], [ 27.644279074048445, -20.014980465919933 ], [ 27.59028356653274, -19.979508860053045 ], [ 27.566065193082853, -19.926778923970584 ], [ 27.564354206100475, -19.89636363899529 ], [ 27.540853856052603, -19.881870572478075 ], [ 27.538540907995717, -19.870192697129653 ], [ 27.517083498482979, -19.854745557274125 ], [ 27.447978450048041, -19.845984970021224 ], [ 27.385036178642469, -19.799148508175058 ], [ 27.37010560908092, -19.803992889283741 ], [ 27.305822417950736, -19.793016129461027 ], [ 27.26516260653171, -19.822946429198499 ], [ 27.220476859525931, -19.811659626702866 ], [ 27.19429660860164, -19.81674503852113 ], [ 27.176450097746663, -19.803671073219995 ], [ 27.136400907163519, -19.795750364225039 ], [ 27.06469827855318, -19.814274996219336 ], [ 27.049084713591764, -19.808485577031224 ], [ 26.995866232604637, -19.817499315177812 ], [ 26.97568279316118, -19.808098629030408 ], [ 26.90439381897087, -19.813203095074979 ], [ 26.86109405475446, -19.820033658396358 ], [ 26.781491354942514, -19.855460418997261 ], [ 26.749863258385997, -19.861350898562247 ], [ 26.733420753218606, -19.883303570952588 ], [ 26.698032774205025, -19.887474089328638 ], [ 26.718675149472269, -19.856743752425658 ], [ 26.743504327961492, -19.766454918583129 ], [ 26.758327890216915, -19.752459845655771 ], [ 26.86377352634646, -19.452636036950093 ], [ 26.872126283749395, -19.447195614371442 ], [ 26.872440247643162, -19.425648978071095 ], [ 26.895030554921977, -19.38171661545115 ], [ 26.928898546742715, -19.340339431873865 ], [ 26.977351172287122, -19.336351076172758 ], [ 26.993288717351827, -19.332320751870526 ], [ 26.991255769676997, -19.327481385382594 ], [ 27.008863277463199, -19.332625757762713 ], [ 27.134553704249466, -19.314712259146635 ], [ 27.204496738912592, -19.323396844875127 ], [ 27.225877127775082, -19.317703388777868 ], [ 27.234612875608406, -19.313369050144647 ], [ 27.233628879914516, -19.293382530227646 ], [ 27.242810605355469, -19.281185591443432 ], [ 27.27884856576458, -19.262662144014506 ], [ 27.28007451639856, -19.250595222465854 ], [ 27.299958938123503, -19.235480050580342 ], [ 27.349494528547019, -19.228045432698902 ], [ 27.35838226503877, -19.216306529068955 ], [ 27.390631367827126, -19.228750443972164 ], [ 27.418355566700782, -19.213479251473071 ], [ 27.453714570529204, -19.216937479075561 ], [ 27.459511376605665, -19.190040423297116 ], [ 27.442848796795722, -19.145044007078493 ], [ 27.446528668106641, -19.122682296831311 ], [ 27.466536074583029, -19.098121401063921 ], [ 27.708710786435358, -19.09198319710999 ] ] ] } },
{ "type": "Feature", "properties": { "district": "umguza", "province": "Matabeleland North", "estimate": 34.360799534155092, "lo": 24.090004295496001, "hi": 45.651749217760781, "width": 21.561744922264779, "n": 14 }, "geometry": { "type": "Polygon", "coordinates": [ [ [ 28.071934233797446, -19.357936604829462 ], [ 28.401645104214651, -19.508692737629342 ], [ 28.536194304848198, -19.590726830154342 ], [ 28.492937596014944, -19.654856714364971 ], [ 28.500103414815442, -19.678487491383358 ], [ 28.551330221188479, -19.723026586246615 ], [ 28.52648684397872, -19.803957694139747 ], [ 28.549739904891251, -19.832614701729653 ], [ 28.567327500614564, -19.833710062581552 ], [ 28.568351642021895, -19.847620174808593 ], [ 28.589258054579343, -19.855536752041633 ], [ 28.585073178267567, -19.859491053361587 ], [ 28.598214814019681, -19.868814743066569 ], [ 28.597014859733996, -19.881524698913186 ], [ 28.609562501572704, -19.880398603902119 ], [ 28.606572600184361, -19.892826540599398 ], [ 28.621510182886986, -19.90102114309494 ], [ 28.612544446581364, -19.910903893691604 ], [ 28.621209199655816, -19.909775800635646 ], [ 28.626586063094017, -19.926722069289518 ], [ 28.642728601901691, -19.924589894959702 ], [ 28.636232796944725, -19.934794667317714 ], [ 28.650014414963117, -19.945724475989397 ], [ 28.655784267981954, -19.963345792615804 ], [ 28.671812805190239, -19.95559819831734 ], [ 28.70292696117059, -19.998770409634634 ], [ 28.754546466071485, -19.972030360334514 ], [ 28.780538104908018, -19.999645182222899 ], [ 28.788034653753019, -19.972573787583265 ], [ 28.814665285811348, -19.96782671040096 ], [ 28.821274991756866, -19.92719645684366 ], [ 28.871593880753764, -19.915566808405554 ], [ 28.870543349538025, -19.910354221073753 ], [ 28.952479422328107, -19.902226224618769 ], [ 28.983322058021468, -19.956796937924199 ], [ 28.895620513294688, -20.039868326323479 ], [ 28.81600678493945, -20.044662751766996 ], [ 28.860191555865505, -20.075998062202007 ], [ 28.793309534148982, -20.130946213274058 ], [ 28.791705550886743, -20.121936557401607 ], [ 28.778674926242356, -20.125491834357192 ], [ 28.767830248535546, -20.140368954835239 ], [ 28.781217869961996, -20.142877131325616 ], [ 28.752798632882204, -20.214875429005733 ], [ 28.713876896269589, -20.252735393151628 ], [ 28.722425664264104, -20.265284320907682 ], [ 28.669050218882898, -20.29826482630563 ], [ 28.605319597677067, -20.227442807785895 ], [ 28.627040049172383, -20.232057019763552 ], [ 28.650554465036546, -20.226604870661927 ], [ 28.662493518032942, -20.236403383275327 ], [ 28.66315308087794, -20.221873386709024 ], [ 28.673586208912035, -20.215218573747848 ], [ 28.684567323642266, -20.220809062400235 ], [ 28.696783145781726, -20.202476506642448 ], [ 28.696496126862161, -20.190989952230684 ], [ 28.675629749522002, -20.181977942894171 ], [ 28.67517563856978, -20.16822830599606 ], [ 28.651256267566062, -20.152950516708586 ], [ 28.67654188718523, -20.114334274082463 ], [ 28.651199972843195, -20.113270636317139 ], [ 28.667915226273291, -20.067606168042374 ], [ 28.643576014146415, -20.068651670230611 ], [ 28.671169236847717, -20.01630911783219 ], [ 28.643597552155391, -20.004159333913705 ], [ 28.607239841826065, -19.961474837944419 ], [ 28.573762009920284, -20.028093940035156 ], [ 28.554159474149163, -20.044337306262381 ], [ 28.553712886586705, -20.056503775110222 ], [ 28.530764834255542, -20.030471422726198 ], [ 28.512646615371207, -20.042969948298516 ], [ 28.51302417908126, -20.059239342876054 ], [ 28.468702360273941, -20.070582101222932 ], [ 28.445837667109455, -20.040628306221624 ], [ 28.408708131472839, -20.018030029841942 ], [ 28.415139616153244, -20.118450497630153 ], [ 28.40411601200779, -20.118744735752664 ], [ 28.396673261467988, -20.134589138111583 ], [ 28.415375108606131, -20.13249081417225 ], [ 28.428139476193397, -20.153620943045372 ], [ 28.38741461958152, -20.153894544041783 ], [ 28.397755644247525, -20.170218007134174 ], [ 28.442546788773598, -20.17774234704811 ], [ 28.431497022094618, -20.157736217889752 ], [ 28.491440222995976, -20.170739304894074 ], [ 28.480981731028976, -20.190795249858191 ], [ 28.499941821353172, -20.189292077659111 ], [ 28.513109996033993, -20.200937735250051 ], [ 28.49656915321081, -20.235452043265077 ], [ 28.481053507316918, -20.236655243039667 ], [ 28.429696027505411, -20.293147503804967 ], [ 28.380379434681153, -20.294469648239268 ], [ 28.34342955850326, -20.361939708936514 ], [ 28.33158688844793, -20.354618174584939 ], [ 28.314414357507367, -20.272569059364752 ], [ 28.306613642699791, -20.282364056751344 ], [ 28.290674689085051, -20.253992769691838 ], [ 28.251045281249827, -20.226367852739713 ], [ 28.235270584584985, -20.19403095113789 ], [ 28.222403701256411, -20.18764256757364 ], [ 28.190068692582177, -20.139911285368065 ], [ 28.191070644705096, -20.122541984048077 ], [ 28.148865835220445, -20.111537201299281 ], [ 28.127877395697876, -20.068455154857059 ], [ 28.086376548291334, -20.041872202885898 ], [ 28.03500594319733, -19.981585731982236 ], [ 28.004250809695336, -19.974862257028587 ], [ 27.99236813676179, -19.964742509150447 ], [ 27.993732085689704, -19.95387969206093 ], [ 27.967866814656659, -19.947829262545326 ], [ 27.952210205130601, -19.897782517727389 ], [ 27.92370899947435, -19.884235527608585 ], [ 27.921285044801589, -19.863281953580554 ], [ 27.908515394221102, -19.850088973684617 ], [ 27.913961227614003, -19.839871199733128 ], [ 27.902088532269953, -19.80967893792576 ], [ 27.857691786776616, -19.805429661655719 ], [ 27.853940872206863, -19.786045206204921 ], [ 27.826315637140631, -19.768540913556784 ], [ 27.827505584195499, -19.75057955934945 ], [ 27.786097726792764, -19.722173456703036 ], [ 27.78776866778286, -19.711761670139762 ], [ 27.76169937318079, -19.681104381599244 ], [ 27.772129058873961, -19.664569123171898 ], [ 27.779761796812622, -19.622937968694181 ], [ 27.792506423924742, -19.612641177756824 ], [ 27.774714912427161, -19.59913817475206 ], [ 27.784022626584864, -19.579072647896545 ], [ 27.782864636201769, -19.557170990511214 ], [ 27.759811270774318, -19.540709768044795 ], [ 27.759155275141008, -19.527091737172299 ], [ 27.779612673791931, -19.508127280268756 ], [ 27.773060850792323, -19.500070675825423 ], [ 27.808717827596503, -19.488386756345303 ], [ 27.81640261571442, -19.49349113466192 ], [ 27.939866025452911, -19.407369483834469 ], [ 28.066340506261749, -19.466736868293832 ], [ 28.071934233797446, -19.357936604829462 ] ] ] } },
{ "type": "Feature", "properties": { "district": "victoria falls", "province": "Matabeleland North", "estimate": 19.180299670872824, "lo": 12.555359710281596, "hi": 27.150922576926856, "width": 14.59556286664526, "n": 36 }, "geometry": { "type": "Polygon", "coordinates": [ [ [ 25.810275255440978, -17.973298357383946 ], [ 25.80953921457635, -17.925242605910135 ], [ 25.820242871195454, -17.890788902217309 ], [ 25.841229287712483, -17.893851115796263 ], [ 25.851229023526642, -17.905851041771868 ], [ 25.852722020803004, -17.936115404813524 ], [ 25.810275255440978, -17.973298357383946 ] ] ] } },
{ "type": "Feature", "properties": { "district": "beitbridge", "province": "Matabeleland South", "estimate": 24.899567335561859, "lo": 18.283826496424059, "hi": 32.064376490253366, "width": 13.780549993829307, "n": 53 }, "geometry": { "type": "Polygon", "coordinates": [ [ [ 29.906213661015705, -21.269756312887889 ], [ 29.918847303067089, -21.276779815722342 ], [ 29.921403248103928, -21.298515399311281 ], [ 29.936420823984978, -21.308276099268927 ], [ 29.948124520172691, -21.348865046180219 ], [ 30.018819516565841, -21.387831832202771 ], [ 30.024719362094494, -21.407364247692069 ], [ 30.040211929368489, -21.423026374992549 ], [ 30.041535903265153, -21.439398562954644 ], [ 30.068879132005684, -21.4593929964018 ], [ 30.072741036124516, -21.478940411781224 ], [ 30.093545435098395, -21.476220200612396 ], [ 30.108663005148621, -21.48341371159729 ], [ 30.096138379046852, -21.50074097831429 ], [ 30.126877491089697, -21.496519650189352 ], [ 30.146177942292947, -21.505807311145581 ], [ 30.165777372585683, -21.500490912209898 ], [ 30.172515203442256, -21.531858181831101 ], [ 30.193030609897601, -21.528662935956866 ], [ 30.218284900767888, -21.553862745180279 ], [ 30.230754533804522, -21.544009023130585 ], [ 30.240522257248642, -21.549719430000383 ], [ 30.241676240249138, -21.570783955108936 ], [ 30.229240611140956, -21.588033211765467 ], [ 30.233402495970857, -21.594377667781959 ], [ 30.328152768586481, -21.60020102736059 ], [ 30.338270486445058, -21.6110778077527 ], [ 30.361091816132433, -21.59486061963252 ], [ 30.381185247966105, -21.6108377625952 ], [ 30.395231842042904, -21.608817607890753 ], [ 30.407532498381293, -21.624555738119984 ], [ 30.443351470167883, -21.631205196324874 ], [ 30.450215287946435, -21.652567736297616 ], [ 30.470394704722459, -21.651565649755142 ], [ 30.482521362780169, -21.663216485385192 ], [ 30.492088082789564, -21.656484992298342 ], [ 30.506535668639504, -21.66047927180157 ], [ 30.498221940347957, -21.704967488754651 ], [ 30.534107914776648, -21.719928546035352 ], [ 30.544264641976405, -21.747916557796369 ], [ 30.553957359687555, -21.745332366355996 ], [ 30.56219311061912, -21.729828242661934 ], [ 30.582105540906181, -21.735954672705077 ], [ 30.590182319676856, -21.754043972037312 ], [ 30.599542042691962, -21.743053174398348 ], [ 30.607149825425843, -21.745822369105003 ], [ 30.619524479587373, -21.763249617774065 ], [ 30.648957619971569, -21.748853563071282 ], [ 30.635351027907461, -21.771348191809974 ], [ 30.665223173174368, -21.781621914108307 ], [ 30.66507419656762, -21.811245046818595 ], [ 30.674186937676801, -21.817444488288515 ], [ 30.670222060575259, -21.829454354178996 ], [ 30.710816902213626, -21.85027482837112 ], [ 30.712760860980033, -21.872118397306387 ], [ 30.730471350724073, -21.875065599183262 ], [ 30.727629443186153, -21.890304695050588 ], [ 30.761371478594739, -21.907023875636586 ], [ 30.771257203836186, -21.922212961357005 ], [ 30.75416970472487, -21.932629719275084 ], [ 30.761558502446974, -21.949184902074197 ], [ 30.783314882958141, -21.9646089963591 ], [ 30.806841205988754, -21.969763352245682 ], [ 30.796601510389372, -21.980819150020508 ], [ 30.803689316795783, -21.999073453996804 ], [ 30.832958468826476, -21.997475322754777 ], [ 30.857413773828377, -22.016665684154063 ], [ 30.859518725066742, -22.034349948927002 ], [ 30.873400328270218, -22.041814475001182 ], [ 30.889501890424608, -22.084318507157132 ], [ 30.931300673071313, -22.073833734142251 ], [ 30.931184878434557, -22.105333688811584 ], [ 30.94406367521837, -22.112850189157474 ], [ 30.954682023286384, -22.155079740826451 ], [ 30.982956225562912, -22.161854432014771 ], [ 30.987668599795498, -22.174225633168206 ], [ 31.005339976892056, -22.178643909990768 ], [ 31.009757831272225, -22.193960634105704 ], [ 31.002394765791426, -22.207215497951942 ], [ 31.013292114417037, -22.208393702135744 ], [ 31.005929051631192, -22.224594089154376 ], [ 31.020360669926902, -22.21840847988037 ], [ 31.035970390090181, -22.226950491764285 ], [ 31.031847074427059, -22.235787067074039 ], [ 31.016237358755326, -22.233136104243655 ], [ 31.013092416234411, -22.25043429093499 ], [ 31.027614996139182, -22.251866385053468 ], [ 31.034297812371111, -22.266733439787494 ], [ 31.053304261151318, -22.266607421242892 ], [ 31.051229333406393, -22.285886794011951 ], [ 31.068312843099537, -22.294060365767923 ], [ 31.084086382732963, -22.289722049103336 ], [ 31.113327459716029, -22.33752876611522 ], [ 31.087038332096508, -22.345269995653741 ], [ 30.999785841712342, -22.313739801761354 ], [ 30.982339355152238, -22.325602655381076 ], [ 30.970489690815803, -22.313741818715489 ], [ 30.945826406062682, -22.312427739088911 ], [ 30.932898772368475, -22.300199877372627 ], [ 30.899070749322618, -22.294325478176596 ], [ 30.883463206675557, -22.30265007939612 ], [ 30.833290653242074, -22.289204151215369 ], [ 30.70696033229083, -22.314793045089292 ], [ 30.661341649849565, -22.309163673352309 ], [ 30.630541560165511, -22.334375484023305 ], [ 30.601241399189441, -22.318945405156171 ], [ 30.571686255013244, -22.318394383938124 ], [ 30.549139916702433, -22.330068227778689 ], [ 30.485434751959858, -22.314312149345071 ], [ 30.390872517394602, -22.347058538409332 ], [ 30.317710635840552, -22.345442471374042 ], [ 30.289295467234485, -22.354867160202144 ], [ 30.233235043713023, -22.294598914171171 ], [ 30.158240218991725, -22.298774262223077 ], [ 30.125005190034159, -22.308849002048706 ], [ 30.073464650644336, -22.270699324321193 ], [ 30.05490817607452, -22.254867209634998 ], [ 30.051408201387094, -22.162478624858743 ], [ 29.987852032115153, -22.152688971923006 ], [ 29.930615715682752, -22.18611439876673 ], [ 29.886144005788672, -22.19019072271017 ], [ 29.856789838995542, -22.171177388235819 ], [ 29.811744136177481, -22.164641955143935 ], [ 29.773401221835222, -22.138273101013283 ], [ 29.674794072070796, -22.1370960930536 ], [ 29.655030630966312, -22.123331125028763 ], [ 29.626120477163134, -22.134144920246239 ], [ 29.609087988184147, -22.153964349582353 ], [ 29.578214867263082, -22.139108312746458 ], [ 29.525400426068821, -22.174556886750313 ], [ 29.465324153237702, -22.163208124619167 ], [ 29.366662031965237, -22.191000189624091 ], [ 29.284636328869897, -22.115390858804926 ], [ 29.257007075643383, -22.063172146741625 ], [ 29.248247324829599, -22.058469816847371 ], [ 29.185026166967656, -22.074659029927172 ], [ 29.139262483859554, -22.070343760842192 ], [ 29.093536787809683, -22.053624604219106 ], [ 29.050190001312284, -22.016632992363075 ], [ 29.03772034132534, -21.996842584988837 ], [ 29.188096903258053, -21.897655333377443 ], [ 29.178392159799721, -21.874189654278904 ], [ 29.200869495820371, -21.858273490031408 ], [ 29.204491374587285, -21.840631218229898 ], [ 29.215888044577905, -21.839277110985751 ], [ 29.206223304895808, -21.820741783903312 ], [ 29.225906719584131, -21.802840478037968 ], [ 29.232216505005113, -21.767896954754022 ], [ 29.359916630111226, -21.561183909621732 ], [ 29.429870602635823, -21.546769809082143 ], [ 29.519764987070626, -21.5147404161414 ], [ 29.495878398287964, -21.453989461715427 ], [ 29.803527001933428, -21.498949494820636 ], [ 29.896383063586203, -21.359268974960333 ], [ 29.890699155085617, -21.328466602083321 ], [ 29.854804172350786, -21.310324306999028 ], [ 29.906213661015705, -21.269756312887889 ] ] ] } },
{ "type": "Feature", "properties": { "district": "beitbridge urban", "province": "Matabeleland South", "estimate": 6.8919008516278373, "lo": 3.935033936674353, "hi": 10.945916615949642, "width": 7.010882679275289, "n": 51 }, "geometry": { "type": "Polygon", "coordinates": [ [ [ 29.988105055191351, -22.152738758182604 ], [ 30.051408201387094, -22.162478624858743 ], [ 30.054859176569003, -22.254110156265551 ], [ 30.027532967309725, -22.252886089076075 ], [ 30.018955577194056, -22.229555334989119 ], [ 29.970699582113376, -22.222645442388135 ], [ 29.926839750692128, -22.188349786224265 ], [ 29.988105055191351, -22.152738758182604 ] ] ] } },
{ "type": "Feature", "properties": { "district": "bulilima", "province": "Matabeleland South", "estimate": 21.831393646640084, "lo": 14.180473463635867, "hi": 30.748797627667845, "width": 16.568324164031978, "n": 29 }, "geometry": { "type": "Polygon", "coordinates": [ [ [ 27.297334661729561, -19.795596333672528 ], [ 27.37010560908092, -19.803992889283741 ], [ 27.385703160673234, -19.799262516258516 ], [ 27.447978450048041, -19.845984970021224 ], [ 27.525260272323703, -19.859695920663885 ], [ 27.541523837557964, -19.882549624022698 ], [ 27.564354206100475, -19.89636363899529 ], [ 27.566065193082853, -19.926778923970584 ], [ 27.59028356653274, -19.979508860053045 ], [ 27.644279074048445, -20.014980465919933 ], [ 27.661691610582196, -20.042322498622696 ], [ 27.682811019986456, -20.050637100746638 ], [ 27.699486569678403, -20.071205625046009 ], [ 27.740744429093017, -20.098786649299893 ], [ 27.75881995554337, -20.134504303866574 ], [ 27.766641728659014, -20.130408990040124 ], [ 27.78013636099735, -20.144331017618146 ], [ 27.805071659219074, -20.151377520024422 ], [ 27.818684298743744, -20.17488926430234 ], [ 27.837226766787502, -20.171073960327504 ], [ 27.861070094508779, -20.17699737866165 ], [ 27.868329899547337, -20.186597090195932 ], [ 27.897167739876, -20.184150617358188 ], [ 27.944193050225831, -20.058882252943945 ], [ 27.992643846779139, -20.122506224644606 ], [ 28.033440981844073, -20.102623802881521 ], [ 28.137154911187181, -20.086093852352377 ], [ 28.148865835220445, -20.111537201299281 ], [ 28.191070644705096, -20.122541984048077 ], [ 28.190068692582177, -20.139911285368065 ], [ 28.222403701256411, -20.18764256757364 ], [ 28.235270584584985, -20.19403095113789 ], [ 28.251045281249827, -20.226367852739713 ], [ 28.290674689085051, -20.253992769691838 ], [ 28.306613642699791, -20.282364056751344 ], [ 28.314414357507367, -20.272569059364752 ], [ 28.331613888212104, -20.354561169587413 ], [ 28.308306606780732, -20.406023021915939 ], [ 28.276816826547382, -20.427022658809189 ], [ 28.24549432609583, -20.417584068922302 ], [ 28.222687562584575, -20.452111767959504 ], [ 28.204366911944867, -20.414511094649047 ], [ 28.187599266070372, -20.439926963628331 ], [ 28.149535381924128, -20.411574517786427 ], [ 28.069906177375358, -20.485169308336982 ], [ 28.000343486718062, -20.495274952847492 ], [ 27.976974101155978, -20.516906257324013 ], [ 27.928546302367319, -20.488247697570177 ], [ 27.864796878508418, -20.493424686066149 ], [ 27.866844495675636, -20.45932046561531 ], [ 27.831679211743122, -20.422784736573792 ], [ 27.774826220791937, -20.471703255829571 ], [ 27.73117785007836, -20.465697079981567 ], [ 27.72379339210968, -20.512765533573933 ], [ 27.683694501343133, -20.485068519129218 ], [ 27.647381550456675, -20.497619488516762 ], [ 27.622319240333876, -20.477115993276531 ], [ 27.604272755512515, -20.477912071286518 ], [ 27.577515535547157, -20.492512183964894 ], [ 27.471870513981568, -20.465965325180658 ], [ 27.434014609570706, -20.480717461695711 ], [ 27.377472214715109, -20.476334198205599 ], [ 27.362822619310215, -20.466695498188447 ], [ 27.289654740552553, -20.497005830917161 ], [ 27.286145819543897, -20.479855559698706 ], [ 27.299109380477979, -20.424235410043291 ], [ 27.296538369805891, -20.356899399770423 ], [ 27.304966091622759, -20.325805073154939 ], [ 27.301079165832924, -20.29617186789968 ], [ 27.290572439724379, -20.276023375819054 ], [ 27.285658522174852, -20.230770002119446 ], [ 27.266889032789106, -20.211445578600525 ], [ 27.235698802081295, -20.117737603185294 ], [ 27.213395399656665, -20.088139411203343 ], [ 27.193190961196176, -20.078401702692251 ], [ 27.147269267098146, -20.080508912239367 ], [ 27.129712758465033, -20.073934438670506 ], [ 27.099073603744433, -20.054308000771542 ], [ 27.078820144221723, -20.027725029929677 ], [ 27.046236046178951, -20.009451694531663 ], [ 26.971132180299172, -20.011797955592925 ], [ 26.851935493226094, -19.959182140429828 ], [ 26.826990203028132, -19.96152834561201 ], [ 26.760025068236658, -19.936003505002695 ], [ 26.726701015303856, -19.93773567346307 ], [ 26.702031655236819, -19.89311934558539 ], [ 26.733420753218606, -19.883303570952588 ], [ 26.756764058913941, -19.858096645324288 ], [ 26.781491354942514, -19.855460418997261 ], [ 26.86177003520972, -19.819919649143127 ], [ 26.965051094323776, -19.808132643516249 ], [ 26.991975343442167, -19.81735530842888 ], [ 27.046889775414979, -19.808508580661826 ], [ 27.06469827855318, -19.814274996219336 ], [ 27.136400907163519, -19.795750364225039 ], [ 27.176450097746663, -19.803671073219995 ], [ 27.19429660860164, -19.81674503852113 ], [ 27.220476859525931, -19.811659626702866 ], [ 27.26516260653171, -19.822946429198499 ], [ 27.297334661729561, -19.795596333672528 ] ] ] } },
{ "type": "Feature", "properties": { "district": "gwanda", "province": "Matabeleland South", "estimate": 32.36304957824666, "lo": 23.279400282836271, "hi": 42.469259354436311, "width": 19.18985907160004, "n": 29 }, "geometry": { "type": "Polygon", "coordinates": [ [ [ 29.182274805133222, -20.560225704970367 ], [ 29.182087842366027, -20.594658255797331 ], [ 29.199945400695274, -20.67107389479462 ], [ 29.258136877803388, -20.828276447728303 ], [ 29.285303125857329, -20.856077473217155 ], [ 29.297551817351604, -20.903159927642431 ], [ 29.327674962689912, -20.912853616849951 ], [ 29.356004178693773, -20.944699934652562 ], [ 29.345829497764075, -20.974096102225982 ], [ 29.346710501614165, -21.00750155326336 ], [ 29.357940190064422, -21.018509351185781 ], [ 29.357294219628336, -21.030744248837877 ], [ 29.439539883304491, -21.056263054896526 ], [ 29.498596164045839, -21.028180950689986 ], [ 29.592461482022827, -21.040537785118605 ], [ 29.68960367808619, -21.021338305260695 ], [ 29.730700500102838, -21.022919390584537 ], [ 29.752120938545751, -21.087280091382819 ], [ 29.765964543012984, -21.0888991988414 ], [ 29.770680423370191, -21.107396549870355 ], [ 29.801323565696432, -21.13564659496614 ], [ 29.841058436639262, -21.15137371582377 ], [ 29.831303736969947, -21.175114457967457 ], [ 29.849683231750717, -21.203354507720622 ], [ 29.879093392332056, -21.210043976408009 ], [ 29.893817980886539, -21.225363082697825 ], [ 29.886188205597715, -21.231655548183845 ], [ 29.892383042594318, -21.250974952970068 ], [ 29.886469223771353, -21.263367861308602 ], [ 29.906277658793158, -21.269365284771336 ], [ 29.854804172350786, -21.310324306999028 ], [ 29.890699155085617, -21.328466602083321 ], [ 29.896383063586203, -21.359268974960333 ], [ 29.803527001933428, -21.498949494820636 ], [ 29.495878398287964, -21.453989461715427 ], [ 29.519764987070626, -21.5147404161414 ], [ 29.429870602635823, -21.546769809082143 ], [ 29.359916630111226, -21.561183909621732 ], [ 29.232216505005113, -21.767896954754022 ], [ 29.225906719584131, -21.802840478037968 ], [ 29.206223304895808, -21.820741783903312 ], [ 29.215888044577905, -21.839277110985751 ], [ 29.204491374587285, -21.840631218229898 ], [ 29.200869495820371, -21.858273490031408 ], [ 29.178392159799721, -21.874189654278904 ], [ 29.188096903258053, -21.897655333377443 ], [ 29.03772034132534, -21.996842584988837 ], [ 29.020468781096046, -21.940287541732925 ], [ 29.023033670658901, -21.904207948181782 ], [ 29.036795232891052, -21.863926038945088 ], [ 29.078295988666842, -21.816615596703596 ], [ 29.071651171170959, -21.806778895249483 ], [ 29.008690965813411, -21.787357549958902 ], [ 28.990142479960049, -21.767254117759915 ], [ 28.959234375046446, -21.772221502994583 ], [ 28.902148008091203, -21.761323768857551 ], [ 28.860133209359919, -21.752250151660199 ], [ 28.828247105901156, -21.732020721177726 ], [ 28.794547073015998, -21.728534500942317 ], [ 28.775144619008337, -21.716263633079429 ], [ 28.77450121236485, -21.67677970217747 ], [ 28.731654791970609, -21.641480267590282 ], [ 28.741860484541586, -21.629440387888366 ], [ 28.730580805742967, -21.625852138668652 ], [ 28.723854978174707, -21.605323658935038 ], [ 28.766778589906586, -21.459224024791023 ], [ 28.746979023951905, -21.329339594283166 ], [ 28.681123853858818, -21.270819387794027 ], [ 28.695055886688326, -21.23993603313928 ], [ 28.62038455068101, -21.227708296971077 ], [ 28.65697146076921, -21.189240453336499 ], [ 28.633817072603463, -21.139378827355777 ], [ 28.689210426068176, -21.082817634941559 ], [ 28.675271796910984, -21.054735590001414 ], [ 28.700000068490365, -21.03607219927996 ], [ 28.719946532352022, -21.070008669013717 ], [ 28.762866283121543, -21.051645283924856 ], [ 28.742557828743237, -21.015484649900529 ], [ 28.762342240121871, -20.994459089216104 ], [ 28.699144003670927, -20.948659782169571 ], [ 28.706065708889383, -20.853781795683567 ], [ 28.655309997917179, -20.693470014859848 ], [ 28.733051762089797, -20.679802934566926 ], [ 28.748006232222561, -20.64712567383059 ], [ 28.784380237993044, -20.622961684689628 ], [ 28.815130394824255, -20.659293347137965 ], [ 28.92320134372358, -20.699200202810154 ], [ 28.956987279804331, -20.597172628245346 ], [ 28.976236742633105, -20.61110464326196 ], [ 29.048111681546018, -20.604940127321179 ], [ 29.133720219033158, -20.588090808822862 ], [ 29.158744474716901, -20.557362512353762 ], [ 29.182274805133222, -20.560225704970367 ] ], [ [ 29.03562130370964, -20.924407351692309 ], [ 28.989604846358922, -20.915809365746668 ], [ 28.992242542578229, -20.930626993870955 ], [ 28.949652219297011, -20.919751271041552 ], [ 28.950122793673707, -20.92723098636549 ], [ 28.988445389024598, -20.94287510187003 ], [ 29.001640348771787, -20.958918270216394 ], [ 29.030760445146424, -20.947212987699544 ], [ 29.03562130370964, -20.924407351692309 ] ] ] } },
{ "type": "Feature", "properties": { "district": "gwanda urban", "province": "Matabeleland South", "estimate": 14.47309471361895, "lo": 8.8088225116019583, "hi": 21.886326524337171, "width": 13.077504012735213, "n": 28 }, "geometry": { "type": "Polygon", "coordinates": [ [ [ 28.996312043766544, -20.910226684987055 ], [ 29.03562130370964, -20.924407351692309 ], [ 29.030760445146424, -20.947212987699544 ], [ 29.001869341914134, -20.958964274398152 ], [ 28.988445389024598, -20.94287510187003 ], [ 28.950122793673707, -20.92723098636549 ], [ 28.949652219297011, -20.919751271041552 ], [ 28.992242542578229, -20.930626993870955 ], [ 28.989604846358922, -20.915809365746668 ], [ 28.996312043766544, -20.910226684987055 ] ] ] } },
{ "type": "Feature", "properties": { "district": "insiza", "province": "Matabeleland South", "estimate": 31.65925392577228, "lo": 23.0558098274029, "hi": 41.329547804525966, "width": 18.273737977123066, "n": 30 }, "geometry": { "type": "Polygon", "coordinates": [ [ [ 29.231907773826013, -19.480532523157564 ], [ 29.27983013640679, -19.532261804076576 ], [ 29.282307092580499, -19.565065283196194 ], [ 29.3014905552862, -19.574291966273332 ], [ 29.295539732161629, -19.583460663947545 ], [ 29.316461166345711, -19.617313205755043 ], [ 29.356761039873078, -19.641350992361648 ], [ 29.363065891745716, -19.679081834282673 ], [ 29.401465816769026, -19.699016310322818 ], [ 29.412974518352872, -19.733290885152346 ], [ 29.409487629423943, -19.747846983771261 ], [ 29.423581235034742, -19.756672639416241 ], [ 29.416022456297679, -19.763625167577963 ], [ 29.412758584917636, -19.806843423936421 ], [ 29.403685852075988, -19.818343296145077 ], [ 29.413849620270703, -19.887084456139299 ], [ 29.472431920223105, -19.847751457021449 ], [ 29.562247393047805, -19.886067271160517 ], [ 29.598462399704157, -19.934209859906243 ], [ 29.680213047639519, -19.90514362005619 ], [ 29.69523267257749, -19.972157637875519 ], [ 29.797665731864164, -19.944947525877804 ], [ 29.800425690590121, -20.003238733681243 ], [ 29.875598549722678, -20.005698866678362 ], [ 29.873444660064084, -20.061432202734284 ], [ 29.840813625065852, -20.105977557168323 ], [ 29.815963374850501, -20.159152547734575 ], [ 29.792143098803937, -20.215530772854098 ], [ 29.778175551980205, -20.284640934714165 ], [ 29.73088798838625, -20.391525922061035 ], [ 29.731197030403326, -20.455580680095572 ], [ 29.713404546033036, -20.473594876151196 ], [ 29.701124931831558, -20.516161043057586 ], [ 29.605308129901651, -20.575316488012685 ], [ 29.620303316172595, -20.5951861075926 ], [ 29.584498348222162, -20.604275806976702 ], [ 29.607881732223369, -20.668182515347294 ], [ 29.661663181073855, -20.654728481104538 ], [ 29.67536880161845, -20.670484636296312 ], [ 29.624299475306128, -20.891184300593167 ], [ 29.457783323744572, -21.01558005817083 ], [ 29.498596164045839, -21.028180950689986 ], [ 29.439539883304491, -21.056263054896526 ], [ 29.357294219628336, -21.030744248837877 ], [ 29.357940190064422, -21.018509351185781 ], [ 29.346710501614165, -21.00750155326336 ], [ 29.345829497764075, -20.974096102225982 ], [ 29.356004178693773, -20.944699934652562 ], [ 29.327674962689912, -20.912853616849951 ], [ 29.297551817351604, -20.903159927642431 ], [ 29.285303125857329, -20.856077473217155 ], [ 29.258136877803388, -20.828276447728303 ], [ 29.199945400695274, -20.67107389479462 ], [ 29.182087842366027, -20.594658255797331 ], [ 29.18275479205753, -20.560456721848915 ], [ 29.153527622790165, -20.556167427778657 ], [ 29.126995352663123, -20.525027141158205 ], [ 29.123638405040584, -20.4767025582426 ], [ 29.134800066769731, -20.45597001031906 ], [ 29.121752304965643, -20.410993986777402 ], [ 29.176989347971478, -20.405686084033984 ], [ 29.231707065030012, -20.378031518282196 ], [ 29.193636263861798, -20.320135859735565 ], [ 29.19953506554862, -20.287149398055735 ], [ 29.187101401954063, -20.266180844872814 ], [ 29.193832173849835, -20.224887758653963 ], [ 29.210170678339569, -20.191449249984874 ], [ 29.157960167324351, -20.19121427366796 ], [ 29.0887041031311, -20.148473136367752 ], [ 29.089236051306919, -20.108141119193018 ], [ 29.056596974589134, -20.101033614340231 ], [ 29.040167353981644, -20.003015284906148 ], [ 29.019922934212314, -20.006302548277695 ], [ 29.014741051903361, -19.974409160220045 ], [ 28.983322058021468, -19.956796937924199 ], [ 28.991437696115376, -19.942692961035391 ], [ 28.955004621627513, -19.821679896980985 ], [ 29.046580794208289, -19.853188120324138 ], [ 29.097852980773801, -19.81402720359586 ], [ 29.085816375229658, -19.807209151075796 ], [ 29.103500270350871, -19.775383659284124 ], [ 29.102941361938086, -19.709346763857631 ], [ 29.041662856695076, -19.657280000256335 ], [ 29.069170486116644, -19.654355632033738 ], [ 29.115732079808406, -19.601272834790947 ], [ 29.195084928419373, -19.564659012100851 ], [ 29.127096413144145, -19.534737292638845 ], [ 29.09436774564686, -19.534249828964079 ], [ 29.082126801223691, -19.509743755764816 ], [ 29.107254231112211, -19.49031476074709 ], [ 29.171861080721332, -19.497669827826485 ], [ 29.215483989571485, -19.529599888610463 ], [ 29.231907773826013, -19.480532523157564 ] ] ] } },
{ "type": "Feature", "properties": { "district": "mangwe", "province": "Matabeleland South", "estimate": 17.373818725914866, "lo": 11.157015470304895, "hi": 24.896911767796372, "width": 13.739896297491477, "n": 25 }, "geometry": { "type": "Polygon", "coordinates": [ [ [ 28.308306606780732, -20.406023021915939 ], [ 28.298676796288685, -20.447936126191962 ], [ 28.269458686526217, -20.461528830195284 ], [ 28.266620991186844, -20.488957599179194 ], [ 28.183707045600585, -20.550566388383675 ], [ 28.250608508662719, -20.593521497074168 ], [ 28.212015051482346, -20.652798659006134 ], [ 28.213100610705308, -20.671330790965044 ], [ 28.231685149543683, -20.735895544834751 ], [ 28.2547865245328, -20.767187832756168 ], [ 28.27101510757165, -20.810713028351802 ], [ 28.286006696092208, -20.82577212268647 ], [ 28.303573188595099, -20.821190768905737 ], [ 28.310514003672466, -20.833512669992764 ], [ 28.209141007598969, -20.92857276709433 ], [ 28.199215314510397, -20.948880269913602 ], [ 28.203633201230463, -20.960576124794446 ], [ 28.189135637605048, -20.979964564369286 ], [ 28.206186200688936, -21.025961923557688 ], [ 28.202967315140253, -21.045221339840211 ], [ 28.235290399581526, -21.054025953889724 ], [ 28.233787452533338, -21.063657661819423 ], [ 28.222970765430848, -21.066281864556274 ], [ 28.227700657709867, -21.090428630254401 ], [ 28.22051986848297, -21.095413002136731 ], [ 28.231828570950295, -21.118777702750783 ], [ 28.212267153761346, -21.138589172805464 ], [ 28.220319960090869, -21.171033538993623 ], [ 28.202881489192158, -21.197202468962129 ], [ 28.210800279458546, -21.212559583859626 ], [ 28.203779511623637, -21.239977593880276 ], [ 28.210844318465337, -21.24806717782192 ], [ 28.199583664185322, -21.267754626339048 ], [ 28.212622317972933, -21.292208396808206 ], [ 28.196512803027876, -21.312816915824801 ], [ 28.259231066037021, -21.367740855294127 ], [ 28.272379735598406, -21.40911685355389 ], [ 28.285126368647653, -21.408490795182374 ], [ 28.289053285640119, -21.434718698712967 ], [ 28.304809856101031, -21.454166096934536 ], [ 28.319444441552108, -21.459451465757542 ], [ 28.337522957596466, -21.491233756628514 ], [ 28.354761464409449, -21.492997868319019 ], [ 28.359261356535011, -21.511752224774462 ], [ 28.384255665983684, -21.535675935707545 ], [ 28.38289773127654, -21.559113635856018 ], [ 28.367098193496417, -21.567442255974665 ], [ 28.375226985621484, -21.589902875015454 ], [ 28.388745601181203, -21.593578128295242 ], [ 28.391992533927819, -21.617074826092093 ], [ 28.375324000976658, -21.605778024637502 ], [ 28.347540799861438, -21.605794052940869 ], [ 28.29263135715799, -21.587370772713715 ], [ 28.197532106993997, -21.601694905909095 ], [ 28.099197904013195, -21.577429249297786 ], [ 28.080946432628931, -21.581542565797054 ], [ 28.01911219809022, -21.571996937957064 ], [ 27.99679478913561, -21.530510953126246 ], [ 28.003739569379423, -21.513767730866945 ], [ 27.984294128285384, -21.514957837782497 ], [ 27.978277310425881, -21.522435387227954 ], [ 27.971424499702255, -21.516080933119508 ], [ 27.973129425756838, -21.49470037902492 ], [ 27.984357089409112, -21.4835625583185 ], [ 27.957218852613764, -21.470394629860824 ], [ 27.962673682634982, -21.459264816092748 ], [ 27.980163177842897, -21.45654660023968 ], [ 27.950948982935188, -21.428756609571629 ], [ 27.956756795168136, -21.410789297233446 ], [ 27.91919681199289, -21.360565679766321 ], [ 27.919947752368994, -21.329569421318283 ], [ 27.912604945692639, -21.314711345092821 ], [ 27.868128163896721, -21.266972909169283 ], [ 27.825363309624329, -21.201582176765168 ], [ 27.813677639026483, -21.196994853518074 ], [ 27.816509546520653, -21.188123202172743 ], [ 27.804891863119312, -21.17373116197334 ], [ 27.788684329398279, -21.176575387202249 ], [ 27.778908586690978, -21.15742999657996 ], [ 27.753584305370886, -21.152430657970463 ], [ 27.701173739524247, -21.098751781894055 ], [ 27.685881118365341, -21.050917291323664 ], [ 27.70453256822719, -21.036979249080229 ], [ 27.696309764713106, -21.004841897825003 ], [ 27.707436439761967, -20.999058460648715 ], [ 27.701972572691215, -20.980068071726937 ], [ 27.709809321623862, -20.958368468747771 ], [ 27.690076854424337, -20.932451584013556 ], [ 27.700564520982578, -20.904403509166656 ], [ 27.694201653215028, -20.8639575366775 ], [ 27.71686797412147, -20.836821513976584 ], [ 27.71309406986553, -20.826741774285381 ], [ 27.736032335964882, -20.76035185155472 ], [ 27.727213538888297, -20.719998880314314 ], [ 27.734701304908498, -20.702451574623641 ], [ 27.703982122880852, -20.653127958610035 ], [ 27.704692040794331, -20.601145108339654 ], [ 27.722223512481587, -20.577940370258798 ], [ 27.718586609391089, -20.571710912170463 ], [ 27.731260212107603, -20.541421652954593 ], [ 27.72379339210968, -20.512765533573933 ], [ 27.780950902056631, -20.52885432756587 ], [ 27.773057111002213, -20.554397422283269 ], [ 27.818989951379866, -20.593055777223348 ], [ 27.867688588643894, -20.525891171529512 ], [ 27.905193873403313, -20.515581434782352 ], [ 27.928546302367319, -20.488247697570177 ], [ 27.976974101155978, -20.516906257324013 ], [ 28.000343486718062, -20.495274952847492 ], [ 28.055009917172804, -20.49049398871032 ], [ 28.073954498086518, -20.482380450266461 ], [ 28.149535381924128, -20.411574517786427 ], [ 28.187599266070372, -20.439926963628331 ], [ 28.204366911944867, -20.414511094649047 ], [ 28.222687562584575, -20.452111767959504 ], [ 28.24549432609583, -20.417584068922302 ], [ 28.276816826547382, -20.427022658809189 ], [ 28.308306606780732, -20.406023021915939 ] ] ] } },
{ "type": "Feature", "properties": { "district": "matobo", "province": "Matabeleland South", "estimate": 27.160405401280663, "lo": 18.716345777961042, "hi": 36.782953928078882, "width": 18.06660815011784, "n": 30 }, "geometry": { "type": "Polygon", "coordinates": [ [ [ 28.552622542930642, -20.221999899926356 ], [ 28.605319597677067, -20.227442807785895 ], [ 28.678090964514233, -20.31172066469734 ], [ 28.713344978635124, -20.331282090837348 ], [ 28.717821879278699, -20.359762207860356 ], [ 28.770766355206636, -20.345601107762853 ], [ 28.785232979951154, -20.384709005597976 ], [ 28.766026585948566, -20.443511393873855 ], [ 28.782162141252826, -20.45949756809906 ], [ 28.772848993188841, -20.488341155308031 ], [ 28.735608874940713, -20.505317115820556 ], [ 28.733964350709993, -20.481471386632212 ], [ 28.657897701998515, -20.473065683912399 ], [ 28.679250114619801, -20.495831355860194 ], [ 28.692030795611959, -20.542137778592274 ], [ 28.724527904379968, -20.57862445523725 ], [ 28.737668559171521, -20.608327642914364 ], [ 28.7844037262428, -20.622617526710442 ], [ 28.748006232222561, -20.64712567383059 ], [ 28.733051762089797, -20.679802934566926 ], [ 28.655309997917179, -20.693470014859848 ], [ 28.706065708889383, -20.853781795683567 ], [ 28.699144003670927, -20.948659782169571 ], [ 28.762342240121871, -20.994459089216104 ], [ 28.742557828743237, -21.015484649900529 ], [ 28.762866283121543, -21.051645283924856 ], [ 28.719946532352022, -21.070008669013717 ], [ 28.700000068490365, -21.03607219927996 ], [ 28.675271796910984, -21.054735590001414 ], [ 28.689210426068176, -21.082817634941559 ], [ 28.633817072603463, -21.139378827355777 ], [ 28.65697146076921, -21.189240453336499 ], [ 28.62038455068101, -21.227708296971077 ], [ 28.695055886688326, -21.23993603313928 ], [ 28.681123853858818, -21.270819387794027 ], [ 28.746979023951905, -21.329339594283166 ], [ 28.766778589906586, -21.459224024791023 ], [ 28.723854978174707, -21.605323658935038 ], [ 28.730580805742967, -21.625852138668652 ], [ 28.741860484541586, -21.629440387888366 ], [ 28.732121778476174, -21.642688355168314 ], [ 28.77450121236485, -21.67677970217747 ], [ 28.775144619008337, -21.716263633079429 ], [ 28.749987325524465, -21.699691459153371 ], [ 28.669417619021125, -21.675774806116152 ], [ 28.653144063623703, -21.654228262932779 ], [ 28.599364600042509, -21.643399530870404 ], [ 28.58219107646028, -21.628427463665808 ], [ 28.55632483614556, -21.642192484626779 ], [ 28.539584316699468, -21.641412443608626 ], [ 28.503444386735552, -21.669190488292987 ], [ 28.391805542414779, -21.619619009723419 ], [ 28.388745601181203, -21.593578128295242 ], [ 28.375226985621484, -21.589902875015454 ], [ 28.367098193496417, -21.567442255974665 ], [ 28.38289773127654, -21.559113635856018 ], [ 28.384255665983684, -21.535675935707545 ], [ 28.359261356535011, -21.511752224774462 ], [ 28.354761464409449, -21.492997868319019 ], [ 28.337522957596466, -21.491233756628514 ], [ 28.319444441552108, -21.459451465757542 ], [ 28.304809856101031, -21.454166096934536 ], [ 28.289053285640119, -21.434718698712967 ], [ 28.285126368647653, -21.408490795182374 ], [ 28.272379735598406, -21.40911685355389 ], [ 28.259231066037021, -21.367740855294127 ], [ 28.196512803027876, -21.312816915824801 ], [ 28.212622317972933, -21.292208396808206 ], [ 28.199583664185322, -21.267754626339048 ], [ 28.210844318465337, -21.24806717782192 ], [ 28.203779511623637, -21.239977593880276 ], [ 28.210800279458546, -21.212559583859626 ], [ 28.202881489192158, -21.197202468962129 ], [ 28.220319960090869, -21.171033538993623 ], [ 28.212267153761346, -21.138589172805464 ], [ 28.231828570950295, -21.118777702750783 ], [ 28.22051986848297, -21.095413002136731 ], [ 28.227700657709867, -21.090428630254401 ], [ 28.222970765430848, -21.066281864556274 ], [ 28.233787452533338, -21.063657661819423 ], [ 28.235290399581526, -21.054025953889724 ], [ 28.202967315140253, -21.045221339840211 ], [ 28.206186200688936, -21.025961923557688 ], [ 28.189135637605048, -20.979964564369286 ], [ 28.203633201230463, -20.960576124794446 ], [ 28.199215314510397, -20.948880269913602 ], [ 28.209141007598969, -20.92857276709433 ], [ 28.310514003672466, -20.833512669992764 ], [ 28.303573188595099, -20.821190768905737 ], [ 28.286006696092208, -20.82577212268647 ], [ 28.27101510757165, -20.810713028351802 ], [ 28.2547865245328, -20.767187832756168 ], [ 28.231685149543683, -20.735895544834751 ], [ 28.213100610705308, -20.671330790965044 ], [ 28.212015051482346, -20.652798659006134 ], [ 28.250608508662719, -20.593521497074168 ], [ 28.183707045600585, -20.550566388383675 ], [ 28.266620991186844, -20.488957599179194 ], [ 28.269458686526217, -20.461528830195284 ], [ 28.298676796288685, -20.447936126191962 ], [ 28.33158688844793, -20.354618174584939 ], [ 28.34342955850326, -20.361939708936514 ], [ 28.380379434681153, -20.294469648239268 ], [ 28.429696027505411, -20.293147503804967 ], [ 28.481053507316918, -20.236655243039667 ], [ 28.49656915321081, -20.235452043265077 ], [ 28.538781511235843, -20.258671666928596 ], [ 28.552622542930642, -20.221999899926356 ] ] ] } },
{ "type": "Feature", "properties": { "district": "plumtree", "province": "Matabeleland South", "estimate": 19.938990617793078, "lo": 12.71386345762561, "hi": 28.634154142684352, "width": 15.920290685058742, "n": 23 }, "geometry": { "type": "Polygon", "coordinates": [ [ [ 27.831866206849337, -20.422975750570412 ], [ 27.866844495675636, -20.45932046561531 ], [ 27.864796878508418, -20.493424686066149 ], [ 27.928546302367319, -20.488247697570177 ], [ 27.905193873403313, -20.515581434782352 ], [ 27.867688588643894, -20.525891171529512 ], [ 27.818989951379866, -20.593055777223348 ], [ 27.773057111002213, -20.554397422283269 ], [ 27.780950902056631, -20.52885432756587 ], [ 27.72379339210968, -20.512765533573933 ], [ 27.73117785007836, -20.465697079981567 ], [ 27.774826220791937, -20.471703255829571 ], [ 27.831866206849337, -20.422975750570412 ] ] ] } },
{ "type": "Feature", "properties": { "district": "umzingwane", "province": "Matabeleland South", "estimate": 33.213976636656767, "lo": 23.123071817629359, "hi": 44.029985356382603, "width": 20.906913538753244, "n": 22 }, "geometry": { "type": "Polygon", "coordinates": [ [ [ 28.983322058021468, -19.956796937924199 ], [ 29.014741051903361, -19.974409160220045 ], [ 29.019922934212314, -20.006302548277695 ], [ 29.040167353981644, -20.003015284906148 ], [ 29.056596974589134, -20.101033614340231 ], [ 29.089236051306919, -20.108141119193018 ], [ 29.0887041031311, -20.148473136367752 ], [ 29.157960167324351, -20.19121427366796 ], [ 29.210170678339569, -20.191449249984874 ], [ 29.193832173849835, -20.224887758653963 ], [ 29.187101401954063, -20.266180844872814 ], [ 29.19953506554862, -20.287149398055735 ], [ 29.193636263861798, -20.320135859735565 ], [ 29.231707065030012, -20.378031518282196 ], [ 29.176989347971478, -20.405686084033984 ], [ 29.121752304965643, -20.410993986777402 ], [ 29.134800066769731, -20.45597001031906 ], [ 29.123638405040584, -20.4767025582426 ], [ 29.126995352663123, -20.525027141158205 ], [ 29.158744474716901, -20.557362512353762 ], [ 29.133720219033158, -20.588090808822862 ], [ 28.976236742633105, -20.61110464326196 ], [ 28.956987279804331, -20.597172628245346 ], [ 28.92320134372358, -20.699200202810154 ], [ 28.815130394824255, -20.659293347137965 ], [ 28.7844037262428, -20.622617526710442 ], [ 28.737668559171521, -20.608327642914364 ], [ 28.724527904379968, -20.57862445523725 ], [ 28.692225791114062, -20.542511807234433 ], [ 28.679250114619801, -20.495831355860194 ], [ 28.657897701998515, -20.473065683912399 ], [ 28.733964350709993, -20.481471386632212 ], [ 28.735608874940713, -20.505317115820556 ], [ 28.772848993188841, -20.488341155308031 ], [ 28.782162141252826, -20.45949756809906 ], [ 28.766026585948566, -20.443511393873855 ], [ 28.785232979951154, -20.384709005597976 ], [ 28.770766355206636, -20.345601107762853 ], [ 28.717821879278699, -20.359762207860356 ], [ 28.713344978635124, -20.331282090837348 ], [ 28.678090964514233, -20.31172066469734 ], [ 28.669050218882898, -20.29826482630563 ], [ 28.722425664264104, -20.265284320907682 ], [ 28.713876896269589, -20.252735393151628 ], [ 28.752798632882204, -20.214875429005733 ], [ 28.781217869961996, -20.142877131325616 ], [ 28.767830248535546, -20.140368954835239 ], [ 28.778674926242356, -20.125491834357192 ], [ 28.791705550886743, -20.121936557401607 ], [ 28.793309534148982, -20.130946213274058 ], [ 28.860191555865505, -20.075998062202007 ], [ 28.81600678493945, -20.044662751766996 ], [ 28.895620513294688, -20.039868326323479 ], [ 28.983322058021468, -19.956796937924199 ] ] ] } },
{ "type": "Feature", "properties": { "district": "chirumhanzu", "province": "Midlands", "estimate": 31.120261806850554, "lo": 20.128257936179537, "hi": 43.409611633326314, "width": 23.281353697146777, "n": 9 }, "geometry": { "type": "Polygon", "coordinates": [ [ [ 30.390121135052343, -18.840577400057821 ], [ 30.411905533118855, -18.864869250089537 ], [ 30.420876275734429, -18.860277892832507 ], [ 30.447616538187944, -18.892457343145349 ], [ 30.490887317327154, -18.900645946135388 ], [ 30.504483937193218, -18.911157743392007 ], [ 30.530284205228401, -18.909540604589587 ], [ 30.557524940686285, -18.876750187061017 ], [ 30.58137274919747, -18.90561109804371 ], [ 30.554403526839259, -18.927960822880507 ], [ 30.575002464039407, -18.940539395116492 ], [ 30.630432354672571, -18.90048568000233 ], [ 30.635557213724073, -18.907825238901989 ], [ 30.654166672725729, -18.884485442082383 ], [ 30.695634466614361, -18.95431829235854 ], [ 30.677119073799371, -18.963875684377847 ], [ 30.712442079429213, -18.976560634633248 ], [ 30.674679175825805, -19.020818036255285 ], [ 30.749920099408172, -19.13212731379166 ], [ 30.72342085135212, -19.132053321816372 ], [ 30.731501649185386, -19.180502009588913 ], [ 30.808865491210138, -19.249909252337542 ], [ 30.831001859086424, -19.244162803833124 ], [ 30.870543744057642, -19.260546029623804 ], [ 30.695661709821827, -19.395849492878298 ], [ 30.758368674705185, -19.402552149873912 ], [ 30.75999981134358, -19.414493951956082 ], [ 30.753402856086527, -19.437404136878886 ], [ 30.714037288845994, -19.428996897646993 ], [ 30.70934843789739, -19.456502985414708 ], [ 30.718227190332932, -19.463686523687443 ], [ 30.718954537353845, -19.530103708854924 ], [ 30.709737433568254, -19.547842059783989 ], [ 30.712719797192371, -19.558932949961921 ], [ 30.687194270802035, -19.587940264282729 ], [ 30.709374713619404, -19.636867787282977 ], [ 30.705527291241264, -19.686556877723429 ], [ 30.696486539322361, -19.691117254387034 ], [ 30.704705650759887, -19.744117297996137 ], [ 30.690203156286579, -19.748378040821013 ], [ 30.69280310080606, -19.779523384920942 ], [ 30.68347037036866, -19.78474078339601 ], [ 30.677611553594033, -19.813365938857377 ], [ 30.683066405171896, -19.824423768243474 ], [ 30.677785566247707, -19.841940087948181 ], [ 30.693377128764158, -19.853941982355821 ], [ 30.686476330040353, -19.86140454628471 ], [ 30.633869832667067, -19.866361947332319 ], [ 30.522016002656702, -19.836501765144735 ], [ 30.469335509256794, -19.842348235268904 ], [ 30.454822924007875, -19.835424886371545 ], [ 30.47116245616925, -19.832196634036841 ], [ 30.467298562282071, -19.825544136309777 ], [ 30.479964188848967, -19.806743714833203 ], [ 30.478162224982913, -19.782548896128585 ], [ 30.488529919730524, -19.7672007349103 ], [ 30.475753275767538, -19.754289769720447 ], [ 30.478728185171487, -19.745009069671358 ], [ 30.466515531391675, -19.742090857333874 ], [ 30.453492889178047, -19.72150731390246 ], [ 30.45674478242174, -19.699723670095061 ], [ 30.446960059259233, -19.696704447831234 ], [ 30.438597284749857, -19.678352068907643 ], [ 30.443565132662762, -19.661211773727885 ], [ 30.432531400912406, -19.589232346388389 ], [ 30.438629218061642, -19.573612162817284 ], [ 30.426104556925804, -19.547504197418647 ], [ 30.428175487167735, -19.529605842147312 ], [ 30.445032353711358, -19.518284025195108 ], [ 30.436465971551289, -19.490045736419262 ], [ 30.45304016881774, -19.433769400309494 ], [ 30.445418924829344, -19.415959226996463 ], [ 30.408107007837842, -19.451176917345911 ], [ 30.338093573133008, -19.498496591850955 ], [ 30.318190717090292, -19.5034485501027 ], [ 30.290595374368909, -19.471999010183239 ], [ 30.246375641014545, -19.504175024822025 ], [ 30.157772141036617, -19.474688846337596 ], [ 30.167945839208791, -19.456440457785277 ], [ 30.166906854039411, -19.434011758765827 ], [ 30.175773601389491, -19.433836740776055 ], [ 30.187110261223424, -19.407116708282881 ], [ 30.129719881025832, -19.390341471180328 ], [ 30.116479259913497, -19.395148843621865 ], [ 30.130196844220933, -19.356630913328605 ], [ 30.073681443771267, -19.348085299075816 ], [ 30.074921392849568, -19.325015546804657 ], [ 30.037120467153283, -19.325527609181673 ], [ 30.035759486260222, -19.298091525787271 ], [ 30.063874685833223, -19.295217290018542 ], [ 30.071564459599777, -19.283978430680875 ], [ 30.114789221640436, -19.269513304926761 ], [ 30.135405623886456, -19.250146819154274 ], [ 30.166265763252245, -19.27357058205148 ], [ 30.171079610281073, -19.249177723835476 ], [ 30.065144583844909, -19.200401076757398 ], [ 30.180337235272745, -19.080173843635581 ], [ 30.258806034741546, -19.119483796148696 ], [ 30.271223641848454, -19.055988945182531 ], [ 30.286617204896544, -19.056543978377139 ], [ 30.305926650032237, -19.045339110769458 ], [ 30.348847444638501, -19.064413542996679 ], [ 30.340601661321852, -19.035113311277495 ], [ 30.348084397669936, -18.954622154766486 ], [ 30.381536449718247, -18.956448275885712 ], [ 30.382562386858197, -18.901481069797924 ], [ 30.373859602708755, -18.852028286726188 ], [ 30.390121135052343, -18.840577400057821 ] ] ] } },
{ "type": "Feature", "properties": { "district": "gokwe north", "province": "Midlands", "estimate": 38.831340451940861, "lo": 28.947181896954007, "hi": 48.960923272420949, "width": 20.013741375466942, "n": 31 }, "geometry": { "type": "Polygon", "coordinates": [ [ [ 28.924716206986655, -17.117070182063525 ], [ 28.937771873963911, -17.159992561900175 ], [ 28.94795059281978, -17.165526991345466 ], [ 28.961811233835057, -17.203529979834183 ], [ 28.977500807938224, -17.221124356805699 ], [ 29.017671685185682, -17.224556598815326 ], [ 29.027366422309139, -17.23624551404054 ], [ 29.066680330131671, -17.249008491948828 ], [ 29.07321216381839, -17.271362249017127 ], [ 29.105695251678185, -17.270183133578911 ], [ 29.11658595726189, -17.284354243371094 ], [ 29.162428683127231, -17.299524405877566 ], [ 29.208357400223285, -17.306278906081964 ], [ 29.233972676395091, -17.297455194411111 ], [ 29.270691670263876, -17.330877801372058 ], [ 29.280169440889772, -17.381256758410771 ], [ 29.328393112788177, -17.415859445935663 ], [ 29.337639869961038, -17.438524221406215 ], [ 29.384248585676069, -17.471860807635291 ], [ 29.40647595828041, -17.466585378713852 ], [ 29.392936361671804, -17.500245031120741 ], [ 29.367422092070335, -17.518095448907758 ], [ 29.367255106936994, -17.532237557851559 ], [ 29.333419082596876, -17.5675543496227 ], [ 29.314252627694955, -17.576659076856863 ], [ 29.320840458763396, -17.599346850761929 ], [ 29.329919204028872, -17.599308841840386 ], [ 29.344250813782082, -17.616457176276271 ], [ 29.340203948342637, -17.644631385336453 ], [ 29.347416750829158, -17.651659930107542 ], [ 29.335157107075091, -17.667124149133695 ], [ 29.34589482058292, -17.689548896953461 ], [ 29.333927168822058, -17.70404803888519 ], [ 29.305395902847277, -17.716362994670678 ], [ 29.306728953321411, -17.731645215934659 ], [ 29.298800183671826, -17.741652003655247 ], [ 29.307224956308698, -17.754036966075891 ], [ 29.326911402809447, -17.754770010405384 ], [ 29.327285401106547, -17.765592855953841 ], [ 29.290495451109223, -17.786691529206625 ], [ 29.283432689732447, -17.84110278328669 ], [ 29.265832195999966, -17.854855867754978 ], [ 29.263849267418014, -17.875264462223505 ], [ 29.236447081346856, -17.93161787372955 ], [ 29.208092894873882, -17.952724539269095 ], [ 29.205542974837513, -17.963682393898001 ], [ 29.177974743271591, -17.95386664916731 ], [ 29.167741042129943, -17.967682731912159 ], [ 29.16276417603002, -17.960120146609057 ], [ 29.154496410938329, -17.96234432583454 ], [ 29.148802581443565, -17.975423349191413 ], [ 29.142253757021273, -17.964669516352046 ], [ 29.146811623720023, -17.958699047593406 ], [ 29.140507803113206, -17.960402185279534 ], [ 29.140526809667865, -17.970797993992083 ], [ 29.135470945721874, -17.962015314056497 ], [ 29.126550196148507, -17.961745298686377 ], [ 29.12615421338128, -17.968243805868692 ], [ 29.120067377238204, -17.959555133045288 ], [ 29.108795708718315, -17.977775560634328 ], [ 29.096942034302586, -17.96685171782007 ], [ 29.073909684965209, -17.97097105632465 ], [ 29.065293937685112, -17.984513116687765 ], [ 29.038116713117624, -17.996688084385916 ], [ 29.012767422711342, -17.992552781145086 ], [ 29.034628792025003, -17.972776224618546 ], [ 29.023492105258203, -17.973155263174903 ], [ 29.028755947159109, -17.960007235133112 ], [ 29.012507406251146, -17.96297747822986 ], [ 29.002322703716594, -17.977115586816787 ], [ 28.99344395128113, -17.972820259405687 ], [ 29.002049701210378, -17.963852554400361 ], [ 28.991689987994203, -17.957791089204864 ], [ 29.006461569217652, -17.95422980080486 ], [ 29.001031710567862, -17.939820681964978 ], [ 29.018475222806007, -17.94355896129801 ], [ 28.996053833863495, -17.91839301599229 ], [ 29.011498398761784, -17.918651025143657 ], [ 29.016913240275329, -17.909557311849408 ], [ 28.994115879436642, -17.90700012924114 ], [ 28.9688116170834, -17.939734699207378 ], [ 28.972988504676703, -17.946840249814286 ], [ 28.964905741329403, -17.957348073912769 ], [ 28.960598854938134, -17.948364377984554 ], [ 28.947846221145927, -17.957852125632471 ], [ 28.95081214470191, -17.966862825580595 ], [ 28.944526318248663, -17.961338400003715 ], [ 28.939471464907125, -17.967337872135332 ], [ 28.934791585433558, -17.953399789113874 ], [ 28.927365804070934, -17.96543373209742 ], [ 28.93474759762876, -17.967856914985333 ], [ 28.929002771673542, -17.983366127873957 ], [ 28.918066078635093, -17.981909021948233 ], [ 28.914793179186635, -17.992051815393168 ], [ 28.903954485159122, -17.993237915158485 ], [ 28.879539151594567, -17.96878602863158 ], [ 28.796113467253502, -17.930790131975414 ], [ 28.786899708794493, -17.910013518949516 ], [ 28.766501274667675, -17.901637881143035 ], [ 28.743881890748543, -17.87776803666754 ], [ 28.73059421857808, -17.823750831144984 ], [ 28.723268416113893, -17.812998996923614 ], [ 28.708400838224218, -17.817834386061094 ], [ 28.701695020629636, -17.811939930784781 ], [ 28.693365240342896, -17.793381487210361 ], [ 28.705476885755886, -17.776653171105369 ], [ 28.681986530371628, -17.757934725827486 ], [ 28.678290599884161, -17.718241624237926 ], [ 28.692280187771811, -17.694638767370108 ], [ 28.688141285440839, -17.672616045966521 ], [ 28.655517192624298, -17.662329265617345 ], [ 28.589942041786504, -17.672187087901452 ], [ 28.524462921749468, -17.720976957604197 ], [ 28.500043611342797, -17.724590260105188 ], [ 28.502428526133485, -17.703922640977165 ], [ 28.48939788262614, -17.694279896858458 ], [ 28.485288981330907, -17.674016314106293 ], [ 28.459790674793293, -17.649726432213864 ], [ 28.433559422932433, -17.663292515752918 ], [ 28.406201189632476, -17.66176441798499 ], [ 28.361654458734741, -17.683226134597398 ], [ 28.357507603616419, -17.71613071309449 ], [ 28.304529105798952, -17.732914069873392 ], [ 28.273155987083772, -17.733431136049486 ], [ 28.260997340916571, -17.74688319904034 ], [ 28.250060687401746, -17.789979576798249 ], [ 28.195481231847577, -17.804636767855627 ], [ 28.175193818708856, -17.822605189018631 ], [ 28.140112805741762, -17.824987405343098 ], [ 28.125325214743793, -17.818860939253735 ], [ 28.110488633223014, -17.820433074841954 ], [ 28.091225189913573, -17.838254483008996 ], [ 28.085001358893372, -17.831943995754877 ], [ 28.069908743146698, -17.789546696326031 ], [ 28.093451052598141, -17.757962205754556 ], [ 28.093781030752393, -17.744306137737968 ], [ 28.11671237172342, -17.72717077779841 ], [ 28.143272636047534, -17.737370553272807 ], [ 28.182292501026172, -17.694642176917935 ], [ 28.181048522106543, -17.679425986674392 ], [ 28.194842122752036, -17.666491961842041 ], [ 28.197939989961775, -17.615833991250181 ], [ 28.218801372668722, -17.580278184601543 ], [ 28.202229835314544, -17.576518904236302 ], [ 28.209776608966596, -17.561516720614623 ], [ 28.204563740171228, -17.544253370678742 ], [ 28.208656609235437, -17.525857922554465 ], [ 28.226904077721006, -17.504039195085074 ], [ 28.227724023981722, -17.469330467724095 ], [ 28.251197346411054, -17.446219631807715 ], [ 28.24348354271218, -17.425095977619225 ], [ 28.250369328792047, -17.400964074343307 ], [ 28.297327006756589, -17.394230507170477 ], [ 28.327346172996275, -17.401462050991558 ], [ 28.351125491255289, -17.384189673108516 ], [ 28.437946047393908, -17.371073571612833 ], [ 28.458947464874662, -17.378003100637361 ], [ 28.45601054073293, -17.370361502159192 ], [ 28.465726265196633, -17.365610120046128 ], [ 28.474402037902792, -17.384267581240852 ], [ 28.499208344329752, -17.38594569356108 ], [ 28.523034699273659, -17.412999803288091 ], [ 28.540854199576874, -17.413383818769102 ], [ 28.538912244054032, -17.40173590620331 ], [ 28.606732272211836, -17.31601110672176 ], [ 28.636918414602551, -17.302523021647229 ], [ 28.63188154373713, -17.287625852190835 ], [ 28.638330346143011, -17.266792204665283 ], [ 28.663275622843681, -17.236889829134903 ], [ 28.671532362014332, -17.200431948362532 ], [ 28.709403314080106, -17.21627016875151 ], [ 28.714700150203232, -17.195714542876974 ], [ 28.743548327436848, -17.177077051052873 ], [ 28.752911050825077, -17.159430650781417 ], [ 28.786889100607056, -17.162504868922387 ], [ 28.823248071269621, -17.147571664159042 ], [ 28.885325337798172, -17.153874116264969 ], [ 28.916100464198184, -17.137411794334639 ], [ 28.924716206986655, -17.117070182063525 ] ] ] } },
{ "type": "Feature", "properties": { "district": "gokwe south", "province": "Midlands", "estimate": 45.569777352830521, "lo": 36.763594987998808, "hi": 54.660302573267131, "width": 17.896707585268324, "n": 50 }, "geometry": { "type": "Polygon", "coordinates": [ [ [ 28.459790674793293, -17.649726432213864 ], [ 28.502428526133485, -17.703922640977165 ], [ 28.500043611342797, -17.724590260105188 ], [ 28.524462921749468, -17.720976957604197 ], [ 28.589942041786504, -17.672187087901452 ], [ 28.650966320208475, -17.662056247865525 ], [ 28.685904344737899, -17.669031767411646 ], [ 28.686247350258977, -17.686110104205955 ], [ 28.693285154639863, -17.689513365022052 ], [ 28.678320599123072, -17.718029608199618 ], [ 28.681986530371628, -17.757934725827486 ], [ 28.705476885755886, -17.776653171105369 ], [ 28.693365240342896, -17.793381487210361 ], [ 28.701695020629636, -17.811939930784781 ], [ 28.708400838224218, -17.817834386061094 ], [ 28.723268416113893, -17.812998996923614 ], [ 28.73059421857808, -17.823750831144984 ], [ 28.743881890748543, -17.87776803666754 ], [ 28.766501274667675, -17.901637881143035 ], [ 28.786899708794493, -17.910013518949516 ], [ 28.796113467253502, -17.930790131975414 ], [ 28.879539151594567, -17.96878602863158 ], [ 28.905808433632345, -17.994091980039325 ], [ 28.918066078635093, -17.981909021948233 ], [ 28.929002771673542, -17.983366127873957 ], [ 28.93474759762876, -17.967856914985333 ], [ 28.927365804070934, -17.96543373209742 ], [ 28.934791585433558, -17.953399789113874 ], [ 28.939471464907125, -17.967337872135332 ], [ 28.944526318248663, -17.961338400003715 ], [ 28.95081214470191, -17.966862825580595 ], [ 28.947846221145927, -17.957852125632471 ], [ 28.960598854938134, -17.948364377984554 ], [ 28.964905741329403, -17.957348073912769 ], [ 28.972988504676703, -17.946840249814286 ], [ 28.9688116170834, -17.939734699207378 ], [ 28.994115879436642, -17.90700012924114 ], [ 29.016913240275329, -17.909557311849408 ], [ 29.011498398761784, -17.918651025143657 ], [ 28.996053833863495, -17.91839301599229 ], [ 29.018475222806007, -17.94355896129801 ], [ 29.001031710567862, -17.939820681964978 ], [ 29.006461569217652, -17.95422980080486 ], [ 28.991689987994203, -17.957791089204864 ], [ 29.002049701210378, -17.963852554400361 ], [ 28.99344395128113, -17.972820259405687 ], [ 29.002322703716594, -17.977115586816787 ], [ 29.012507406251146, -17.96297747822986 ], [ 29.028755947159109, -17.960007235133112 ], [ 29.023492105258203, -17.973155263174903 ], [ 29.034628792025003, -17.972776224618546 ], [ 29.012935417550928, -17.99259278428563 ], [ 29.038116713117624, -17.996688084385916 ], [ 29.065293937685112, -17.984513116687765 ], [ 29.073909684965209, -17.97097105632465 ], [ 29.096942034302586, -17.96685171782007 ], [ 29.108795708718315, -17.977775560634328 ], [ 29.120067377238204, -17.959555133045288 ], [ 29.12615421338128, -17.968243805868692 ], [ 29.126550196148507, -17.961745298686377 ], [ 29.135470945721874, -17.962015314056497 ], [ 29.140526809667865, -17.970797993992083 ], [ 29.140507803113206, -17.960402185279534 ], [ 29.146811623720023, -17.958699047593406 ], [ 29.142253757021273, -17.964669516352046 ], [ 29.149222568991743, -17.975425348645526 ], [ 29.154496410938329, -17.96234432583454 ], [ 29.16276417603002, -17.960120146609057 ], [ 29.167741042129943, -17.967682731912159 ], [ 29.177974743271591, -17.95386664916731 ], [ 29.20535597973134, -17.963818405074697 ], [ 29.212712762395203, -17.949067251325062 ], [ 29.229247302634956, -17.957002857281473 ], [ 29.213055768814851, -17.970724936793957 ], [ 29.217381662659154, -17.991614560895396 ], [ 29.207902935326796, -17.997575031420656 ], [ 29.2046100411767, -18.014922384398663 ], [ 29.227511452077479, -18.08760001987476 ], [ 29.24440298460777, -18.099259914150959 ], [ 29.272838243135897, -18.175744832606316 ], [ 29.318281988556787, -18.20982844463752 ], [ 29.34756216920421, -18.217137991585624 ], [ 29.360794829446103, -18.260413336711821 ], [ 29.392751924063344, -18.255454931193295 ], [ 29.412680879758245, -18.268680264285244 ], [ 29.401140715579704, -18.29345486800657 ], [ 29.379105347985522, -18.308249028664481 ], [ 29.385857179983883, -18.337239267723753 ], [ 29.380478343845212, -18.353189506226187 ], [ 29.409723556671636, -18.403458372186304 ], [ 29.414073482246224, -18.466222216831518 ], [ 29.384110359200168, -18.507546426584103 ], [ 29.379975495693817, -18.533083399345045 ], [ 29.36773584843791, -18.540975016060838 ], [ 29.357997148661994, -18.574743625571042 ], [ 29.345632499936002, -18.577516847901443 ], [ 29.34539451375927, -18.586676554419967 ], [ 29.327994013754928, -18.597063365880782 ], [ 29.129049646128912, -18.612923731855098 ], [ 29.090306711991413, -18.578616118883993 ], [ 28.750592363396031, -18.570652853099165 ], [ 28.680697925820709, -18.550657814931146 ], [ 28.644712859130067, -18.561863206045036 ], [ 28.594827483616591, -18.562782443142574 ], [ 28.571618936023963, -18.555337031668817 ], [ 28.457987549369115, -18.567735780779429 ], [ 28.407437965822634, -18.558359099767198 ], [ 28.329607172322408, -18.56978704692046 ], [ 28.259043152990298, -18.560814416656275 ], [ 28.221753208788304, -18.565832836994556 ], [ 28.17906639926068, -18.552113816370415 ], [ 28.152288159628146, -18.558075298605143 ], [ 28.111244297788655, -18.538291809133749 ], [ 28.086229006392969, -18.54100104024473 ], [ 28.07106744494326, -18.552857968290844 ], [ 27.999463038169957, -18.546735707095973 ], [ 27.997499205998526, -18.23720961891404 ], [ 28.001954212005213, -18.223228743894992 ], [ 28.027266694843476, -18.205617365925001 ], [ 28.090115096775627, -18.206791144904738 ], [ 28.109894834218885, -18.189951154011005 ], [ 28.050979403026908, -18.180398662761398 ], [ 28.049207127584801, -18.149995812115638 ], [ 28.069807774280445, -18.137717362068287 ], [ 28.070922424551835, -18.059398783849151 ], [ 28.050217766422591, -18.052669556981751 ], [ 28.030397883270062, -18.061139836198329 ], [ 28.008278691184806, -18.018144583346107 ], [ 28.049863448424908, -17.940517499067379 ], [ 28.06853591975262, -17.936551172863702 ], [ 28.069349873351957, -17.910716158133376 ], [ 28.079613565648945, -17.891210626750119 ], [ 28.076828626572755, -17.872442164717317 ], [ 28.091499182363453, -17.83764243460158 ], [ 28.110488633223014, -17.820433074841954 ], [ 28.175193818708856, -17.822605189018631 ], [ 28.195481231847577, -17.804636767855627 ], [ 28.250060687401746, -17.789979576798249 ], [ 28.260997340916571, -17.74688319904034 ], [ 28.273155987083772, -17.733431136049486 ], [ 28.304529105798952, -17.732914069873392 ], [ 28.357507603616419, -17.71613071309449 ], [ 28.361654458734741, -17.683226134597398 ], [ 28.371124187642994, -17.677772699713419 ], [ 28.406771174273533, -17.661612405775202 ], [ 28.433559422932433, -17.663292515752918 ], [ 28.459790674793293, -17.649726432213864 ] ], [ [ 28.913410726757615, -18.204454589035926 ], [ 28.914738860751925, -18.227826950594498 ], [ 28.923148214705321, -18.236533579000387 ], [ 28.942746220269964, -18.238322068582292 ], [ 28.976950620352362, -18.225541911204935 ], [ 28.964604135561657, -18.211305508598485 ], [ 28.913410726757615, -18.204454589035926 ] ] ] } },
{ "type": "Feature", "properties": { "district": "gokwe south urban", "province": "Midlands", "estimate": 39.162750318291309, "lo": 26.678051142521252, "hi": 53.300409647127388, "width": 26.622358504606137, "n": 8 }, "geometry": { "type": "Polygon", "coordinates": [ [ [ 28.914717715308946, -18.201365944950634 ], [ 28.964604135561657, -18.211305508598485 ], [ 28.976950620352362, -18.225541911204935 ], [ 28.942746220269964, -18.238322068582292 ], [ 28.917269122056442, -18.232350956984106 ], [ 28.914717715308946, -18.201365944950634 ] ] ] } },
{ "type": "Feature", "properties": { "district": "gweru", "province": "Midlands", "estimate": 36.318428868387038, "lo": 25.802262887237546, "hi": 47.738755330488139, "width": 21.936492443250593, "n": 21 }, "geometry": { "type": "Polygon", "coordinates": [ [ [ 30.019752796979947, -19.091250787380535 ], [ 30.045789067711674, -19.104496780942615 ], [ 30.049908947318862, -19.098297305974089 ], [ 30.070662359713658, -19.100656473389733 ], [ 30.130665677662986, -19.131420782133539 ], [ 30.065144583844909, -19.200401076757398 ], [ 30.171079610281073, -19.249177723835476 ], [ 30.166265763252245, -19.27357058205148 ], [ 30.135405623886456, -19.250146819154274 ], [ 30.114789221640436, -19.269513304926761 ], [ 30.071564459599777, -19.283978430680875 ], [ 30.063874685833223, -19.295217290018542 ], [ 30.035759486260222, -19.298091525787271 ], [ 30.037120467153283, -19.325527609181673 ], [ 30.074921392849568, -19.325015546804657 ], [ 30.073681443771267, -19.348085299075816 ], [ 30.130196844220933, -19.356630913328605 ], [ 30.116479259913497, -19.395148843621865 ], [ 30.129719881025832, -19.390341471180328 ], [ 30.187110261223424, -19.407116708282881 ], [ 30.175773601389491, -19.433836740776055 ], [ 30.166906854039411, -19.434011758765827 ], [ 30.167945839208791, -19.456440457785277 ], [ 30.157772141036617, -19.474688846337596 ], [ 30.144387527170807, -19.483088489764622 ], [ 30.105770623972688, -19.481546397682614 ], [ 30.080283336168961, -19.463714063211256 ], [ 30.043373381131051, -19.457950649856635 ], [ 30.017817147629106, -19.514353935969019 ], [ 29.994134815979599, -19.506664368898072 ], [ 29.953710979435137, -19.526363886402084 ], [ 29.93792844317398, -19.547477493300416 ], [ 29.855952776243967, -19.550348763786968 ], [ 29.828556599902178, -19.610737346060951 ], [ 29.832405509890364, -19.63671230482505 ], [ 29.816856979370712, -19.672344004209204 ], [ 29.821510857108649, -19.685893023319554 ], [ 29.808106243151261, -19.692258511923015 ], [ 29.819002943193318, -19.705314488867266 ], [ 29.813521109817462, -19.720340626370049 ], [ 29.833143552252839, -19.721700714678228 ], [ 29.837290445098919, -19.736242807885038 ], [ 29.859525821692802, -19.749520792760599 ], [ 29.842010354400013, -19.793279099369038 ], [ 29.845375271876112, -19.812454540125835 ], [ 29.837719508326124, -19.835936310647774 ], [ 29.843864342399026, -19.848043216725017 ], [ 29.835167602114648, -19.864296445266071 ], [ 29.840698446674033, -19.868080725350683 ], [ 29.837042565775651, -19.887478184964088 ], [ 29.848034259065759, -19.895739797957695 ], [ 29.786802025145846, -19.923434918711639 ], [ 29.797665731864164, -19.944947525877804 ], [ 29.699433900023607, -19.973224697922856 ], [ 29.680213047639519, -19.90514362005619 ], [ 29.598462399704157, -19.934209859906243 ], [ 29.562247393047805, -19.886067271160517 ], [ 29.472431920223105, -19.847751457021449 ], [ 29.413849620270703, -19.887084456139299 ], [ 29.403685852075988, -19.818343296145077 ], [ 29.412758584917636, -19.806843423936421 ], [ 29.416022456297679, -19.763625167577963 ], [ 29.423581235034742, -19.756672639416241 ], [ 29.409487629423943, -19.747846983771261 ], [ 29.412974518352872, -19.733290885152346 ], [ 29.401423817834562, -19.698940304264923 ], [ 29.363065891745716, -19.679081834282673 ], [ 29.356761039873078, -19.641350992361648 ], [ 29.316461166345711, -19.617313205755043 ], [ 29.295539732161629, -19.583460663947545 ], [ 29.3014905552862, -19.574291966273332 ], [ 29.282307092580499, -19.565065283196194 ], [ 29.27983013640679, -19.532261804076576 ], [ 29.242122168375651, -19.486564373178386 ], [ 29.196240446641866, -19.458581288404584 ], [ 29.148655743708478, -19.395067507756629 ], [ 29.092033332347558, -19.373476912866519 ], [ 29.098825125901957, -19.358231750198357 ], [ 29.131251174336519, -19.319887813037287 ], [ 29.238416053689129, -19.223940434329407 ], [ 29.364311425654172, -19.151748841879499 ], [ 29.416284937739917, -19.132682351419582 ], [ 29.525542868345752, -19.167603936294253 ], [ 29.626478019235041, -19.185191205806007 ], [ 29.729169073772621, -19.142333870080162 ], [ 29.736185888118726, -19.159011137310902 ], [ 29.752476421673069, -19.15355871032822 ], [ 29.755705351283073, -19.18141083001937 ], [ 29.796712171090832, -19.159110103852178 ], [ 29.861516324870681, -19.148605261076622 ], [ 29.925473483220276, -19.108954196750755 ], [ 29.938405134180439, -19.133786082233865 ], [ 30.017856893589538, -19.153122506381408 ], [ 30.019752796979947, -19.091250787380535 ] ], [ [ 29.810156404344809, -19.372978807644131 ], [ 29.792975419358296, -19.38670729576846 ], [ 29.785979484554154, -19.417147677917143 ], [ 29.774066140443743, -19.424982470947018 ], [ 29.7791817037287, -19.435100621412083 ], [ 29.765416493439844, -19.440919141222597 ], [ 29.750861307385136, -19.425437759011576 ], [ 29.733176666663137, -19.447526067159128 ], [ 29.750720246732527, -19.47214990695236 ], [ 29.745625787568489, -19.475073353388591 ], [ 29.761873973641801, -19.53997153439088 ], [ 29.784478804854313, -19.499351690409853 ], [ 29.786522058900658, -19.507279627076549 ], [ 29.815027972621799, -19.507041287620073 ], [ 29.824154162409183, -19.495616725206865 ], [ 29.833982818579017, -19.506135298117297 ], [ 29.846801811819553, -19.497599406960099 ], [ 29.851772828090454, -19.506058831695437 ], [ 29.865327997892805, -19.505734358959391 ], [ 29.872730501211308, -19.492668298976081 ], [ 29.867478621276977, -19.469147001940012 ], [ 29.87808498042931, -19.473260932692419 ], [ 29.881225090014109, -19.444153207243723 ], [ 29.899619425861552, -19.44452357441256 ], [ 29.911035140135411, -19.453604404973007 ], [ 29.920169875596052, -19.447532939386054 ], [ 29.900230431171735, -19.431513737763183 ], [ 29.918702899787675, -19.423105088892168 ], [ 29.882111938303705, -19.411268732961211 ], [ 29.8736647374289, -19.419833122386155 ], [ 29.864378979897687, -19.413317108333903 ], [ 29.86471008902997, -19.401035992782237 ], [ 29.827627719441129, -19.400189768351137 ], [ 29.831978575670849, -19.390843517758714 ], [ 29.810156404344809, -19.372978807644131 ] ] ] } },
{ "type": "Feature", "properties": { "district": "gweru urban", "province": "Midlands", "estimate": 17.312215517127548, "lo": 11.815006627930632, "hi": 23.762424861641183, "width": 11.94741823371055, "n": 64 }, "geometry": { "type": "Polygon", "coordinates": [ [ [ 29.810156404344809, -19.372978807644131 ], [ 29.831978575670849, -19.390843517758714 ], [ 29.827627719441129, -19.400189768351137 ], [ 29.86471008902997, -19.401035992782237 ], [ 29.864378979897687, -19.413317108333903 ], [ 29.8736647374289, -19.419833122386155 ], [ 29.882111938303705, -19.411268732961211 ], [ 29.918702899787675, -19.423105088892168 ], [ 29.900230431171735, -19.431513737763183 ], [ 29.920169875596052, -19.447532939386054 ], [ 29.911035140135411, -19.453604404973007 ], [ 29.899619425861552, -19.44452357441256 ], [ 29.881225090014109, -19.444153207243723 ], [ 29.87808498042931, -19.473260932692419 ], [ 29.867478621276977, -19.469147001940012 ], [ 29.872730501211308, -19.492668298976081 ], [ 29.865327997892805, -19.505734358959391 ], [ 29.851772828090454, -19.506058831695437 ], [ 29.846801811819553, -19.497599406960099 ], [ 29.833982818579017, -19.506135298117297 ], [ 29.824154162409183, -19.495616725206865 ], [ 29.815027972621799, -19.507041287620073 ], [ 29.786522058900658, -19.507279627076549 ], [ 29.784478804854313, -19.499351690409853 ], [ 29.761873973641801, -19.53997153439088 ], [ 29.745625787568489, -19.475073353388591 ], [ 29.750720246732527, -19.47214990695236 ], [ 29.733176666663137, -19.447526067159128 ], [ 29.750861307385136, -19.425437759011576 ], [ 29.765416493439844, -19.440919141222597 ], [ 29.7791817037287, -19.435100621412083 ], [ 29.774066140443743, -19.424982470947018 ], [ 29.785979484554154, -19.417147677917143 ], [ 29.792975419358296, -19.38670729576846 ], [ 29.810156404344809, -19.372978807644131 ] ] ] } },
{ "type": "Feature", "properties": { "district": "kwekwe", "province": "Midlands", "estimate": 31.767808636983602, "lo": 22.882388275546674, "hi": 41.336438441690269, "width": 18.454050166143595, "n": 32 }, "geometry": { "type": "Polygon", "coordinates": [ [ [ 29.412680879758245, -18.268680264285244 ], [ 29.428437938899435, -18.284068122937342 ], [ 29.485620342040637, -18.305095711782549 ], [ 29.533152023710205, -18.337018149706147 ], [ 29.547839624132592, -18.356394639872061 ], [ 29.575235851678002, -18.358642794703641 ], [ 29.576023845760307, -18.379621416927908 ], [ 29.564317195911865, -18.406794524940143 ], [ 29.567437123046943, -18.42688007517803 ], [ 29.545501762198363, -18.45423920185911 ], [ 29.55411156263078, -18.514143819160569 ], [ 29.544946837812613, -18.535731490023124 ], [ 29.556817537099555, -18.581864037395292 ], [ 29.596941401916059, -18.579843853934204 ], [ 29.648293976916925, -18.616683657379596 ], [ 29.665453483184923, -18.60402867120326 ], [ 29.69062177923124, -18.613902414834339 ], [ 29.730543647974596, -18.611123175139294 ], [ 29.736038515905044, -18.642884615998426 ], [ 29.750709103134369, -18.645514808691022 ], [ 29.777079345929241, -18.63033562314612 ], [ 29.781083246744988, -18.649235074905928 ], [ 29.800131708832787, -18.651073204011674 ], [ 29.806072557962469, -18.674698017182411 ], [ 29.829808891835203, -18.68198256186141 ], [ 29.842271532385578, -18.671466746372772 ], [ 29.855704164796546, -18.690772220737962 ], [ 29.864797902944218, -18.683702671761942 ], [ 29.891247167839573, -18.7030931456937 ], [ 29.909953634112238, -18.694737491871713 ], [ 29.923632253095793, -18.703619166115281 ], [ 29.931412021884132, -18.688830025352367 ], [ 29.954088383247445, -18.692319279322366 ], [ 29.976685735984933, -18.680508356726136 ], [ 29.989230390924074, -18.695054466903532 ], [ 30.008503845956231, -18.695575495306144 ], [ 30.018028587692331, -18.712959824729122 ], [ 30.039717963764772, -18.69808766915008 ], [ 30.06704019887686, -18.709532531939708 ], [ 30.071837072238328, -18.722741543752793 ], [ 30.146642953406854, -18.719304235384786 ], [ 30.184181898925122, -18.732393219088131 ], [ 30.211531140987841, -18.758107176929027 ], [ 30.221875863118669, -18.780994926700711 ], [ 30.260220779804801, -18.784975211255983 ], [ 30.274563389428891, -18.809113053893022 ], [ 30.296022773432384, -18.795646009374238 ], [ 30.318305146288473, -18.801885474281118 ], [ 30.328539869712717, -18.824514203606189 ], [ 30.353411172844602, -18.837464181772468 ], [ 30.355330126106725, -18.847960985989584 ], [ 30.373872603127552, -18.852045288400575 ], [ 30.382562386858197, -18.901481069797924 ], [ 30.381536449718247, -18.956448275885712 ], [ 30.348084397669936, -18.954622154766486 ], [ 30.340601661321852, -19.035113311277495 ], [ 30.348847444638501, -19.064413542996679 ], [ 30.305926650032237, -19.045339110769458 ], [ 30.286617204896544, -19.056543978377139 ], [ 30.271223641848454, -19.055988945182531 ], [ 30.258806034741546, -19.119483796148696 ], [ 30.180337235272745, -19.080173843635581 ], [ 30.130572681369834, -19.131485786655318 ], [ 30.070662359713658, -19.100656473389733 ], [ 30.049908947318862, -19.098297305974089 ], [ 30.045789067711674, -19.104496780942615 ], [ 30.01878182415901, -19.090964765771549 ], [ 30.017856893589538, -19.153122506381408 ], [ 29.938405134180439, -19.133786082233865 ], [ 29.925473483220276, -19.108954196750755 ], [ 29.861516324870681, -19.148605261076622 ], [ 29.796712171090832, -19.159110103852178 ], [ 29.755705351283073, -19.18141083001937 ], [ 29.752476421673069, -19.15355871032822 ], [ 29.736185888118726, -19.159011137310902 ], [ 29.729169073772621, -19.142333870080162 ], [ 29.626478019235041, -19.185191205806007 ], [ 29.525542868345752, -19.167603936294253 ], [ 29.416284937739917, -19.132682351419582 ], [ 29.364311425654172, -19.151748841879499 ], [ 29.238416053689129, -19.223940434329407 ], [ 29.131251174336519, -19.319887813037287 ], [ 29.091722340986095, -19.373039880099888 ], [ 29.072126867772159, -19.339677362035481 ], [ 29.047814533240519, -19.311941273785365 ], [ 29.034203917621856, -19.310373165045991 ], [ 29.019710306588234, -19.284908240991285 ], [ 29.018888306781122, -19.258792254881442 ], [ 29.03279089912192, -19.242375994884984 ], [ 29.002813707560374, -19.195616458132545 ], [ 29.006135334325041, -19.176138946858334 ], [ 28.999462495681026, -19.158189143929626 ], [ 29.014799619377893, -19.092066518705231 ], [ 28.986650034092442, -19.043290850217375 ], [ 28.974734366040277, -19.036703355621842 ], [ 28.977649269780176, -19.021008154002431 ], [ 28.9510650213345, -19.020109107017291 ], [ 28.937664392303564, -19.00989533598905 ], [ 28.866923418341685, -18.72333023335106 ], [ 29.125465764301978, -18.633378309619882 ], [ 29.129049646128912, -18.612923731855098 ], [ 29.324063125310449, -18.597662414871639 ], [ 29.34539451375927, -18.586676554419967 ], [ 29.345632499936002, -18.577516847901443 ], [ 29.358556131635776, -18.573864558084519 ], [ 29.368550824318195, -18.539607910005323 ], [ 29.379975495693817, -18.533083399345045 ], [ 29.384110359200168, -18.507546426584103 ], [ 29.414073482246224, -18.466222216831518 ], [ 29.409723556671636, -18.403458372186304 ], [ 29.380478343845212, -18.353189506226187 ], [ 29.385857179983883, -18.337239267723753 ], [ 29.379105347985522, -18.308249028664481 ], [ 29.401140715579704, -18.29345486800657 ], [ 29.412680879758245, -18.268680264285244 ] ], [ [ 29.861995497922102, -18.867558363102443 ], [ 29.831992955005159, -18.858658122170247 ], [ 29.8188003479464, -18.885897217412392 ], [ 29.780661446395694, -18.910519126633748 ], [ 29.72950455590458, -18.898479921172594 ], [ 29.748684350788636, -18.911013186182238 ], [ 29.732624812721433, -18.920007885356377 ], [ 29.772324696080013, -18.930460659291946 ], [ 29.776513590555467, -18.949314099285118 ], [ 29.784674084225866, -18.946460779787152 ], [ 29.782264435222828, -18.959305860250268 ], [ 29.820324364080172, -18.968278520965363 ], [ 29.833466987978174, -18.964219201955988 ], [ 29.848227552263072, -18.938090193847049 ], [ 29.869676938017573, -18.930008561683206 ], [ 29.861995497922102, -18.867558363102443 ] ], [ [ 29.752202994264227, -18.953068155988145 ], [ 29.728833979714491, -18.947129288971876 ], [ 29.728696967768915, -18.97735722473945 ], [ 29.741333366749721, -18.999914463908969 ], [ 29.699074362809586, -19.008884539718078 ], [ 29.699314972066677, -19.060407374273147 ], [ 29.745890036892273, -19.054171061614817 ], [ 29.750481687432124, -19.075287721376547 ], [ 29.780516879618187, -19.063235744342478 ], [ 29.783454472106975, -19.048563920702367 ], [ 29.800667493711327, -19.062930677674544 ], [ 29.803755845962623, -19.057335448289219 ], [ 29.830336746386582, -19.060964358260431 ], [ 29.841922744407512, -19.024975364221717 ], [ 29.819469647629901, -19.014223121886058 ], [ 29.828376529012036, -18.994413697265479 ], [ 29.791298356352264, -18.996772712811548 ], [ 29.780622124440558, -18.978978269251982 ], [ 29.741599736994473, -18.977765030923432 ], [ 29.752202994264227, -18.953068155988145 ] ] ] } },
{ "type": "Feature", "properties": { "district": "kwekwe urban", "province": "Midlands", "estimate": 19.023803852503672, "lo": 12.571118005325049, "hi": 26.702387209525142, "width": 14.131269204200093, "n": 37 }, "geometry": { "type": "Polygon", "coordinates": [ [ [ 29.831992955005159, -18.858658122170247 ], [ 29.861995497922102, -18.867558363102443 ], [ 29.869676938017573, -18.930008561683206 ], [ 29.848227552263072, -18.938090193847049 ], [ 29.833466987978174, -18.964219201955988 ], [ 29.820324364080172, -18.968278520965363 ], [ 29.782264435222828, -18.959305860250268 ], [ 29.784674084225866, -18.946460779787152 ], [ 29.776513590555467, -18.949314099285118 ], [ 29.772324696080013, -18.930460659291946 ], [ 29.732624812721433, -18.920007885356377 ], [ 29.748684350788636, -18.911013186182238 ], [ 29.72950455590458, -18.898479921172594 ], [ 29.780661446395694, -18.910519126633748 ], [ 29.8188003479464, -18.885897217412392 ], [ 29.831992955005159, -18.858658122170247 ] ] ] } },
{ "type": "Feature", "properties": { "district": "mberengwa", "province": "Midlands", "estimate": 32.790529657665999, "lo": 25.063424412950042, "hi": 41.399033800331296, "width": 16.335609387381254, "n": 52 }, "geometry": { "type": "Polygon", "coordinates": [ [ [ 29.768400870185634, -20.333743598132656 ], [ 29.801692943960369, -20.365804960150868 ], [ 29.819724427806786, -20.365356913599427 ], [ 29.826035257967824, -20.37890591666477 ], [ 29.857450366635049, -20.387191510669801 ], [ 29.878970769602759, -20.410928261018576 ], [ 29.920009602672383, -20.418546797897825 ], [ 29.92852437033126, -20.432795851153951 ], [ 29.963605368925673, -20.435867055320823 ], [ 29.997636413022672, -20.458266695102736 ], [ 29.995338430897814, -20.394658973038307 ], [ 30.137348454367093, -20.509532405850312 ], [ 30.1325876070417, -20.5321110818902 ], [ 30.139100424292653, -20.537432471620782 ], [ 30.163258729193821, -20.532664102984185 ], [ 30.177048325149347, -20.518890074103062 ], [ 30.186646060392231, -20.532117048038653 ], [ 30.203378576744424, -20.527303680392706 ], [ 30.210670379772079, -20.543111846910495 ], [ 30.255310106064616, -20.548380208949897 ], [ 30.271743645123895, -20.562783264947541 ], [ 30.279376422582285, -20.556848821115356 ], [ 30.297672903149152, -20.562501228121121 ], [ 30.310662540360969, -20.575533184868032 ], [ 30.36742891033812, -20.568898659404912 ], [ 30.415217555094902, -20.588975115082064 ], [ 30.420119405580532, -20.576515189603601 ], [ 30.430608105193535, -20.575539112316839 ], [ 30.458052361165599, -20.646449188860394 ], [ 30.481379701970937, -20.661076257227741 ], [ 30.480838730218625, -20.679731635373262 ], [ 30.519913611616484, -20.682319803033074 ], [ 30.481419526982396, -20.715144163188967 ], [ 30.480057760063374, -20.748355860283407 ], [ 30.454308803797119, -20.831056797805374 ], [ 30.445177501697447, -20.962508860777628 ], [ 30.402668192983349, -20.999772239005157 ], [ 30.393381473356442, -21.019536695053066 ], [ 30.381340819105734, -21.018951658979329 ], [ 30.342279957714375, -21.043417477198005 ], [ 30.316839678749407, -21.0301675216487 ], [ 30.300512151673438, -21.036427991219828 ], [ 30.281686681083503, -21.019447757823851 ], [ 30.253290503760901, -21.029791535027034 ], [ 30.250111603125607, -21.041004359295261 ], [ 30.21706754521788, -21.03171269886322 ], [ 30.193299232219239, -21.037849164169803 ], [ 30.179440623192004, -21.027840439896046 ], [ 30.165945015286237, -21.034525938726084 ], [ 30.131292990986182, -21.008447049935601 ], [ 30.109021628780354, -21.007039961230316 ], [ 30.07357963410422, -20.990133744760676 ], [ 30.068819751569492, -20.966318000197823 ], [ 30.049197310032454, -20.95934850188636 ], [ 29.987586040063395, -20.911356017810366 ], [ 29.971108512301157, -20.909419886777243 ], [ 29.927448774321373, -20.92280290103507 ], [ 29.823563827329416, -21.012868586079733 ], [ 29.782830011824238, -21.032037020867225 ], [ 29.68960367808619, -21.021338305260695 ], [ 29.592461482022827, -21.040537785118605 ], [ 29.534468142723437, -21.036806556073255 ], [ 29.457783323744572, -21.01558005817083 ], [ 29.624299475306128, -20.891184300593167 ], [ 29.67536880161845, -20.670484636296312 ], [ 29.661663181073855, -20.654728481104538 ], [ 29.607881732223369, -20.668182515347294 ], [ 29.584498348222162, -20.604275806976702 ], [ 29.620303316172595, -20.5951861075926 ], [ 29.605308129901651, -20.575316488012685 ], [ 29.701124931831558, -20.516161043057586 ], [ 29.713404546033036, -20.473594876151196 ], [ 29.731197030403326, -20.455580680095572 ], [ 29.73088798838625, -20.391525922061035 ], [ 29.756368213635735, -20.334920693731959 ], [ 29.768400870185634, -20.333743598132656 ] ] ] } },
{ "type": "Feature", "properties": { "district": "redcliff", "province": "Midlands", "estimate": 28.926787519382991, "lo": 19.752980117849098, "hi": 39.430090193200108, "width": 19.67711007535101, "n": 22 }, "geometry": { "type": "Polygon", "coordinates": [ [ [ 29.780622124440558, -18.978978269251982 ], [ 29.791298356352264, -18.996772712811548 ], [ 29.828376529012036, -18.994413697265479 ], [ 29.819469647629901, -19.014223121886058 ], [ 29.841922744407512, -19.024975364221717 ], [ 29.830336746386582, -19.060964358260431 ], [ 29.803755845962623, -19.057335448289219 ], [ 29.800667493711327, -19.062930677674544 ], [ 29.783454472106975, -19.048563920702367 ], [ 29.780516879618187, -19.063235744342478 ], [ 29.750481687432124, -19.075287721376547 ], [ 29.745890036892273, -19.054171061614817 ], [ 29.699314972066677, -19.060407374273147 ], [ 29.699074362809586, -19.008884539718078 ], [ 29.741333366749721, -18.999914463908969 ], [ 29.728696967768915, -18.97735722473945 ], [ 29.728833979714491, -18.947129288971876 ], [ 29.752202994264227, -18.953068155988145 ], [ 29.741599736994473, -18.977765030923432 ], [ 29.780622124440558, -18.978978269251982 ] ] ] } },
{ "type": "Feature", "properties": { "district": "shurugwi", "province": "Midlands", "estimate": 34.031722193282384, "lo": 22.589562353349855, "hi": 46.563448728518466, "width": 23.973886375168611, "n": 13 }, "geometry": { "type": "Polygon", "coordinates": [ [ [ 30.436465971551289, -19.490045736419262 ], [ 30.445032353711358, -19.518284025195108 ], [ 30.428175487167735, -19.529605842147312 ], [ 30.426104556925804, -19.547504197418647 ], [ 30.438629218061642, -19.573612162817284 ], [ 30.432531400912406, -19.589232346388389 ], [ 30.443565132662762, -19.661211773727885 ], [ 30.438597284749857, -19.678352068907643 ], [ 30.446960059259233, -19.696704447831234 ], [ 30.45674478242174, -19.699723670095061 ], [ 30.453492889178047, -19.72150731390246 ], [ 30.466515531391675, -19.742090857333874 ], [ 30.478728185171487, -19.745009069671358 ], [ 30.475753275767538, -19.754289769720447 ], [ 30.488529919730517, -19.767261740173264 ], [ 30.478162224982913, -19.782548896128585 ], [ 30.479964188848967, -19.806743714833203 ], [ 30.467298562282071, -19.825544136309777 ], [ 30.47116245616925, -19.832196634036841 ], [ 30.455037916906502, -19.834686831301809 ], [ 30.459043815575473, -19.8631478041221 ], [ 30.4482159893663, -19.869435769644443 ], [ 30.451151054894108, -19.884912443667083 ], [ 30.459453819247535, -19.886138530837648 ], [ 30.454471966599378, -19.895169211926437 ], [ 30.470334520294355, -19.904185880374929 ], [ 30.454923978189061, -19.93236300402102 ], [ 30.425417826331863, -19.943342845368043 ], [ 30.4227479138315, -19.961189185102747 ], [ 30.433310613962693, -19.962152250749977 ], [ 30.431003989146365, -19.990106283720838 ], [ 30.354811876340303, -19.997408940951395 ], [ 30.334174461601503, -19.992813609420971 ], [ 30.219816740331392, -20.016817477338417 ], [ 30.145150887650743, -20.024083909151564 ], [ 30.138008051348375, -19.974553522307431 ], [ 30.143340886557873, -19.958595321983378 ], [ 30.04744760476142, -19.934837601166457 ], [ 29.985868387580094, -19.973544544359303 ], [ 29.977131656994246, -20.000592576997317 ], [ 29.938443766227259, -20.007732138186903 ], [ 29.901890857378408, -20.071814961326083 ], [ 29.873145662109966, -20.061316033634796 ], [ 29.875598549722678, -20.005698866678362 ], [ 29.800425690590121, -20.003238733681243 ], [ 29.80141262467717, -19.954088047068094 ], [ 29.786802025145846, -19.923434918711639 ], [ 29.848034259065759, -19.895739797957695 ], [ 29.837042565775651, -19.887478184964088 ], [ 29.840698446674033, -19.868080725350683 ], [ 29.835167602114648, -19.864296445266071 ], [ 29.843864342399026, -19.848043216725017 ], [ 29.837719508326124, -19.835936310647774 ], [ 29.845375271876112, -19.812454540125835 ], [ 29.842010354400013, -19.793279099369038 ], [ 29.859525821692802, -19.749520792760599 ], [ 29.837290445098919, -19.736242807885038 ], [ 29.833143552252839, -19.721700714678228 ], [ 29.813521109817462, -19.720340626370049 ], [ 29.819002943193318, -19.705314488867266 ], [ 29.808106243151261, -19.692258511923015 ], [ 29.821510857108649, -19.685893023319554 ], [ 29.816856979370712, -19.672344004209204 ], [ 29.832405509890364, -19.63671230482505 ], [ 29.828556599902178, -19.610737346060951 ], [ 29.855952776243967, -19.550348763786968 ], [ 29.93792844317398, -19.547477493300416 ], [ 29.953710979435137, -19.526363886402084 ], [ 29.994134815979599, -19.506664368898072 ], [ 30.017817147629106, -19.514353935969019 ], [ 30.043373381131051, -19.457950649856635 ], [ 30.080283336168961, -19.463714063211256 ], [ 30.105770623972688, -19.481546397682614 ], [ 30.144387527170807, -19.483088489764622 ], [ 30.157772141036617, -19.474688846337596 ], [ 30.246375641014545, -19.504175024822025 ], [ 30.290595374368909, -19.471999010183239 ], [ 30.318190717090292, -19.5034485501027 ], [ 30.373121018661465, -19.476954888768105 ], [ 30.444112961255801, -19.41533018003302 ], [ 30.453766392944573, -19.424408648729727 ], [ 30.436465971551289, -19.490045736419262 ] ], [ [ 29.927685288162042, -19.682609081766845 ], [ 29.927723585139219, -19.69151946407532 ], [ 29.952093091150182, -19.692758905715689 ], [ 29.952234582993871, -19.721499219591923 ], [ 29.964504505271471, -19.722234534211289 ], [ 29.976316443060934, -19.738335786029072 ], [ 29.975273104655578, -19.782191891633975 ], [ 29.994133508032014, -19.784104425208628 ], [ 30.008120365040785, -19.770503786790702 ], [ 30.001838153408059, -19.785499279324235 ], [ 30.014462108027338, -19.785052199239974 ], [ 30.035303800560197, -19.726659955681811 ], [ 30.057226379280571, -19.69461131112114 ], [ 30.048097190018481, -19.701617099008274 ], [ 30.029992034437459, -19.683594251595327 ], [ 30.016038193210356, -19.680898732295169 ], [ 30.030994851636951, -19.671977726953564 ], [ 30.031570548664895, -19.648684066714608 ], [ 30.039487294364392, -19.648550305139807 ], [ 30.03937246272163, -19.642455704159683 ], [ 30.031226240586193, -19.643531232823534 ], [ 30.03173018378255, -19.601315178998366 ], [ 29.998377082959252, -19.607032970650124 ], [ 29.966397409187191, -19.644066986394641 ], [ 29.969753287814918, -19.651592495754858 ], [ 29.94758092624156, -19.680875709420981 ], [ 29.927685288162042, -19.682609081766845 ] ] ] } },
{ "type": "Feature", "properties": { "district": "shurugwi town", "province": "Midlands", "estimate": 37.303017977197456, "lo": 24.932422083740917, "hi": 50.721866326401333, "width": 25.789444242660416, "n": 10 }, "geometry": { "type": "Polygon", "coordinates": [ [ [ 30.03173018378255, -19.601315178998366 ], [ 30.031226240586193, -19.643531232823534 ], [ 30.03937246272163, -19.642455704159683 ], [ 30.039487294364392, -19.648550305139807 ], [ 30.031570548664895, -19.648684066714608 ], [ 30.030994851636951, -19.671977726953564 ], [ 30.016038193210356, -19.680898732295169 ], [ 30.029992034437459, -19.683594251595327 ], [ 30.048097190018481, -19.701617099008274 ], [ 30.057226379280571, -19.69461131112114 ], [ 30.055734201236827, -19.700478969761008 ], [ 30.035303800560197, -19.726659955681811 ], [ 30.014462108027338, -19.785052199239974 ], [ 30.001838153408059, -19.785499279324235 ], [ 30.008120365040785, -19.770503786790702 ], [ 29.994133508032014, -19.784104425208628 ], [ 29.975273104655578, -19.782191891633975 ], [ 29.976316443060934, -19.738335786029072 ], [ 29.964504505271471, -19.722234534211289 ], [ 29.952234582993871, -19.721499219591923 ], [ 29.952093091150182, -19.692758905715689 ], [ 29.927723585139219, -19.69151946407532 ], [ 29.927685288162042, -19.682609081766845 ], [ 29.94758092624156, -19.680875709420981 ], [ 29.969753287814918, -19.651592495754858 ], [ 29.966397409187191, -19.644066986394641 ], [ 29.998377082959252, -19.607032970650124 ], [ 30.03173018378255, -19.601315178998366 ] ] ] } },
{ "type": "Feature", "properties": { "district": "zvishavane", "province": "Midlands", "estimate": 27.872952663136168, "lo": 18.225903105160537, "hi": 38.716999239061273, "width": 20.491096133900736, "n": 17 }, "geometry": { "type": "Polygon", "coordinates": [ [ [ 30.144555856183022, -19.962835639395927 ], [ 30.138015049224435, -19.972586375072741 ], [ 30.144024172112342, -20.033325138710616 ], [ 30.191673578898435, -20.067291274336817 ], [ 30.187454721116591, -20.098046577906477 ], [ 30.17674702840695, -20.100140740984443 ], [ 30.15816557707905, -20.126688738234353 ], [ 30.166708353310113, -20.155039851112527 ], [ 30.160038567141338, -20.187748297697997 ], [ 30.147921920807438, -20.198769128293765 ], [ 30.158545622834623, -20.206538700653116 ], [ 30.197767477596319, -20.171677074229002 ], [ 30.277780233103698, -20.229045306263931 ], [ 30.279542192295224, -20.242548311740528 ], [ 30.243559284257376, -20.334781203845463 ], [ 30.25803588299604, -20.35226349629464 ], [ 30.313843296017495, -20.364932404296162 ], [ 30.318323183559635, -20.387615088052129 ], [ 30.339072611027806, -20.418119342013554 ], [ 30.345203438568774, -20.423051703925559 ], [ 30.360152006767869, -20.4161121803076 ], [ 30.371742691299481, -20.438944869110518 ], [ 30.413482522904062, -20.477745723303833 ], [ 30.412324564858423, -20.491213722675781 ], [ 30.460958217073681, -20.55664454289213 ], [ 30.445030683742598, -20.571935684755321 ], [ 30.449694585780783, -20.624831595900623 ], [ 30.428702158638362, -20.574621044640672 ], [ 30.415055553814884, -20.580978524354052 ], [ 30.415315552309227, -20.588975115082103 ], [ 30.36742891033812, -20.568898659404912 ], [ 30.310662540360969, -20.575533184868032 ], [ 30.297672903149152, -20.562501228121121 ], [ 30.279376422582285, -20.556848821115356 ], [ 30.271743645123895, -20.562783264947541 ], [ 30.255310106064616, -20.548380208949897 ], [ 30.210670379772079, -20.543111846910495 ], [ 30.203378576744424, -20.527303680392706 ], [ 30.186646060392231, -20.532117048038653 ], [ 30.177048325149347, -20.518890074103062 ], [ 30.163258729193821, -20.532664102984185 ], [ 30.139100424292653, -20.537432471620782 ], [ 30.1325876070417, -20.5321110818902 ], [ 30.137348454367093, -20.509532405850312 ], [ 29.995338430897814, -20.394658973038307 ], [ 29.997636413022672, -20.458266695102736 ], [ 29.963605368925673, -20.435867055320823 ], [ 29.92852437033126, -20.432795851153951 ], [ 29.920009602672383, -20.418546797897825 ], [ 29.878970769602759, -20.410928261018576 ], [ 29.857450366635049, -20.387191510669801 ], [ 29.826035257967824, -20.37890591666477 ], [ 29.819724427806786, -20.365356913599427 ], [ 29.801934936623155, -20.365928969219087 ], [ 29.768400870185634, -20.333743598132656 ], [ 29.756368213635735, -20.334920693731959 ], [ 29.815963374850501, -20.159152547734575 ], [ 29.840813625065852, -20.105977557168323 ], [ 29.873444660064084, -20.061432202734284 ], [ 29.901890857378408, -20.071814961326083 ], [ 29.938443766227259, -20.007732138186903 ], [ 29.977131656994246, -20.000592576997317 ], [ 29.985868387580094, -19.973544544359303 ], [ 30.033333010014161, -19.939403953024613 ], [ 30.04744760476142, -19.934837601166457 ], [ 30.091897343659582, -19.943919253949876 ], [ 30.144555856183022, -19.962835639395927 ] ], [ [ 30.039479081066656, -20.276160126251394 ], [ 29.991106484662446, -20.306149392390722 ], [ 30.0049660998028, -20.320982486599743 ], [ 30.036564204276427, -20.330007137968153 ], [ 30.033211302665517, -20.333819422698937 ], [ 30.063953444725652, -20.361962496737398 ], [ 30.087353777241223, -20.363465593040047 ], [ 30.098395470760043, -20.376566560382344 ], [ 30.10187433414012, -20.325817783117753 ], [ 30.065998330112699, -20.284572736059477 ], [ 30.039479081066656, -20.276160126251394 ] ] ] } },
{ "type": "Feature", "properties": { "district": "zvishavane urban", "province": "Midlands", "estimate": 27.816670070718363, "lo": 17.442778052310409, "hi": 39.728829784938398, "width": 22.286051732627989, "n": 13 }, "geometry": { "type": "Polygon", "coordinates": [ [ [ 30.039479081066656, -20.276160126251394 ], [ 30.065998330112699, -20.284572736059477 ], [ 30.10187433414012, -20.325817783117753 ], [ 30.098395470760043, -20.376566560382344 ], [ 30.087353777241223, -20.363465593040047 ], [ 30.063953444725652, -20.361962496737398 ], [ 30.033211302665517, -20.333819422698937 ], [ 30.036564204276427, -20.330007137968153 ], [ 30.005308091126416, -20.321234504718227 ], [ 29.991106484662446, -20.306149392390722 ], [ 29.996257330178558, -20.295366584844064 ], [ 30.039479081066656, -20.276160126251394 ] ] ] } },
{ "type": "Feature", "properties": { "district": "bikita", "province": "Masvingo", "estimate": 29.08584964585274, "lo": 20.159760718561593, "hi": 39.293339046545746, "width": 19.133578327984154, "n": 28 }, "geometry": { "type": "Polygon", "coordinates": [ [ [ 31.973516595667618, -19.821101953321183 ], [ 31.978886451348238, -19.842592566822443 ], [ 31.9996218650979, -19.857765700193067 ], [ 32.076178684027539, -19.870242611715337 ], [ 32.095557143133185, -19.904522179396711 ], [ 32.196579258127272, -19.903849096651779 ], [ 32.209570895887147, -19.930731109653237 ], [ 32.267423253583942, -19.96108736934622 ], [ 32.284836762091651, -19.978269652357358 ], [ 32.329360491626154, -19.985467178297952 ], [ 32.340591176307626, -19.999969261578077 ], [ 32.337276283314772, -20.042172422199705 ], [ 32.3450500729165, -20.078911168270484 ], [ 32.339057268823993, -20.157454038085806 ], [ 32.295708568918776, -20.344892016173905 ], [ 32.28437592994414, -20.45517720962178 ], [ 32.194099510887739, -20.436868878810944 ], [ 32.146226872753822, -20.409316849172889 ], [ 32.016446591717212, -20.413134175326832 ], [ 31.994665211990068, -20.405442610580288 ], [ 31.864736967646412, -20.488790842371838 ], [ 31.828349041586641, -20.565630547278861 ], [ 31.775005578930763, -20.582555819840582 ], [ 31.752614216176241, -20.570684950026454 ], [ 31.740092576074726, -20.572387080725438 ], [ 31.743859463589295, -20.564386486961286 ], [ 31.722166081030764, -20.553780710351351 ], [ 31.701208662133357, -20.507091260018701 ], [ 31.702801609592388, -20.493739270128245 ], [ 31.69173192636605, -20.491698122986801 ], [ 31.696900766933876, -20.46557118279598 ], [ 31.678357282901629, -20.431106633004234 ], [ 31.701672600655087, -20.399480275223468 ], [ 31.703501540929167, -20.382820036712964 ], [ 31.731631730689166, -20.370683124403886 ], [ 31.721964005007596, -20.365452739191525 ], [ 31.723085969356443, -20.354800946049622 ], [ 31.673320383289497, -20.33085118458667 ], [ 31.667173554058383, -20.319644352936525 ], [ 31.660383750272796, -20.323325629786364 ], [ 31.656129865381427, -20.308159503293584 ], [ 31.638169373595545, -20.298850817050258 ], [ 31.635807437710596, -20.288709062773737 ], [ 31.61004617362677, -20.287035949195261 ], [ 31.619326888914276, -20.242928658621508 ], [ 31.591762665631059, -20.218846875060663 ], [ 31.593362593898163, -20.15998348171723 ], [ 31.53801515962499, -20.125440925327343 ], [ 31.538835125646663, -20.101402128362182 ], [ 31.527683437912987, -20.087266075631415 ], [ 31.470687332785403, -20.077634709758534 ], [ 31.467927475568953, -20.060825879959669 ], [ 31.438297699359065, -20.022322715836278 ], [ 31.421973337946245, -20.036413046659536 ], [ 31.403170180609809, -20.002503261209252 ], [ 31.414734405264671, -19.991070053191862 ], [ 31.409268766716888, -19.970904411013937 ], [ 31.433439021007743, -19.913949452746156 ], [ 31.442299784679662, -19.917469397747784 ], [ 31.464283657248252, -19.901979898652311 ], [ 31.481226524005557, -19.905949971106828 ], [ 31.493240195560038, -19.883548817967785 ], [ 31.505626976079537, -19.886596048003618 ], [ 31.539643998372913, -19.870860853189757 ], [ 31.553275615704116, -19.886732038648901 ], [ 31.578578891706623, -19.881701651054957 ], [ 31.58231378212912, -19.874274091709314 ], [ 31.621210667743174, -19.864934374940223 ], [ 31.629273428303815, -19.843993798771699 ], [ 31.656465660126205, -19.861070071072209 ], [ 31.690157686322809, -19.832602918591416 ], [ 31.813079184638081, -19.847622001618685 ], [ 31.862895758182216, -19.833695937950072 ], [ 31.973516595667618, -19.821101953321183 ] ] ] } },
{ "type": "Feature", "properties": { "district": "chiredzi", "province": "Masvingo", "estimate": 44.207170219983766, "lo": 36.262280529751777, "hi": 52.061018474294883, "width": 15.798737944543106, "n": 60 }, "geometry": { "type": "Polygon", "coordinates": [ [ [ 31.996673155059234, -20.405313600979564 ], [ 32.016446591717212, -20.413134175326832 ], [ 32.146226872753822, -20.409316849172889 ], [ 32.194099510887739, -20.436868878810944 ], [ 32.28437592994414, -20.45517720962178 ], [ 32.288807836670301, -20.558104836085963 ], [ 32.256853772969059, -20.616732182644171 ], [ 32.256013815839054, -20.669482079765938 ], [ 32.227740634947082, -20.692146761670521 ], [ 32.227683643130526, -20.71180721273381 ], [ 32.208931195691839, -20.752678232927625 ], [ 32.209129196058583, -20.768987435008306 ], [ 32.219702896060362, -20.780657291267111 ], [ 32.21083815644495, -20.797092503717419 ], [ 32.19658656771874, -20.804318041201419 ], [ 32.135549366132722, -20.926615052946794 ], [ 32.157101755412484, -20.948970687136828 ], [ 32.15202891061255, -20.978372846339109 ], [ 32.157727755401375, -20.997772265582341 ], [ 32.196064661810006, -21.024042179021013 ], [ 32.186023958317421, -21.04552975665127 ], [ 32.194664715593142, -21.064255125166767 ], [ 32.233805596214786, -21.079521230264252 ], [ 32.240447410642176, -21.097546546716142 ], [ 32.270723541766941, -21.10451704740419 ], [ 32.289224036921219, -21.184348875127846 ], [ 32.312443381364702, -21.222147626118257 ], [ 32.337898655906528, -21.24607936295649 ], [ 32.392359092769802, -21.262500544127427 ], [ 32.417489379299745, -21.293296779976323 ], [ 32.448078502334113, -21.308129851665033 ], [ 32.413877489799219, -21.316299456352922 ], [ 31.40811802034629, -22.347922022129232 ], [ 31.376281961137387, -22.37971729493372 ], [ 31.30957192009171, -22.42104925906624 ], [ 31.285959595949095, -22.404147071780233 ], [ 31.264632190630543, -22.363759216728781 ], [ 31.210928748785797, -22.36396325879554 ], [ 31.173598810691452, -22.329001793613632 ], [ 31.113327459716029, -22.33752876611522 ], [ 31.084086382732963, -22.289722049103336 ], [ 31.068312843099537, -22.294060365767923 ], [ 31.050815344807692, -22.285619775412478 ], [ 31.053304261151318, -22.266607421242892 ], [ 31.034297812371111, -22.266733439787494 ], [ 31.027614996139182, -22.251866385053468 ], [ 31.012545431159616, -22.248967187148178 ], [ 31.016237358755326, -22.233136104243655 ], [ 31.031847074427059, -22.235787067074039 ], [ 31.034497772861791, -22.224004969009261 ], [ 31.020360669926902, -22.21840847988037 ], [ 31.005929051631192, -22.224594089154376 ], [ 31.013292114417037, -22.208393702135744 ], [ 31.002394765791426, -22.207215497951942 ], [ 31.009757831272225, -22.193960634105704 ], [ 31.005339976892056, -22.178643909990768 ], [ 30.987668599795498, -22.174225633168206 ], [ 30.982956225562912, -22.161854432014771 ], [ 30.954682023286384, -22.155079740826451 ], [ 30.943949332259088, -22.112732507183303 ], [ 31.066117763888705, -22.061604786041809 ], [ 31.248805293764189, -21.74238076989252 ], [ 31.277697445327988, -21.716841914184265 ], [ 31.229237821936245, -21.675534956992262 ], [ 31.255189057244781, -21.647402912882885 ], [ 31.239015512188352, -21.627353471733173 ], [ 31.252757093191835, -21.587077552720704 ], [ 31.243215347245702, -21.548335753341071 ], [ 31.267454616404905, -21.491386615068063 ], [ 31.503449709562449, -21.290336895156024 ], [ 31.5122384454166, -21.266331142582711 ], [ 31.584002365131596, -21.238514084072502 ], [ 31.594317054785822, -21.212631190832226 ], [ 31.608369649608644, -21.209672970284807 ], [ 31.580971427803412, -21.18803440196389 ], [ 31.570570717274197, -21.167572911880526 ], [ 31.540159595413357, -21.173581364026784 ], [ 31.49788780036231, -21.149144596701113 ], [ 31.325109014159235, -21.17998947510787 ], [ 31.299706191348513, -21.139295970981809 ], [ 31.267853153980727, -21.135737871624105 ], [ 31.259083180339601, -21.148588490897975 ], [ 31.238654260086747, -21.152371952399264 ], [ 31.15630462180977, -21.141004160587983 ], [ 31.126389467902129, -21.114854263592076 ], [ 31.110262919108116, -21.092046603804476 ], [ 31.107998973250989, -21.073705262303687 ], [ 31.062430272173938, -21.054485878012176 ], [ 31.039377913762007, -21.01879127412079 ], [ 31.054238431791802, -20.922947234073369 ], [ 31.077466763879709, -20.920748061045011 ], [ 31.084218577013623, -20.934171043187504 ], [ 31.13345214034517, -20.892074925961861 ], [ 31.190239196726374, -20.86865990480451 ], [ 31.203615423920649, -20.873430744152966 ], [ 31.186623609760137, -20.886983525844936 ], [ 31.199253265986382, -20.920692997165645 ], [ 31.243982971130762, -20.901445560900424 ], [ 31.270079183746351, -20.831553409127228 ], [ 31.24040302123014, -20.80339535017999 ], [ 31.249502731377799, -20.74988040191166 ], [ 31.288392584081485, -20.68959793599916 ], [ 31.327963436127362, -20.663425984858112 ], [ 31.382831852758407, -20.644442558326421 ], [ 31.406791167349191, -20.647907803131609 ], [ 31.458093710680149, -20.679115086110176 ], [ 31.514933068773804, -20.653430164002032 ], [ 31.6142022077292, -20.624529987022157 ], [ 31.633194653570733, -20.602742369285099 ], [ 31.687887085746048, -20.602616336713222 ], [ 31.717776249595875, -20.652077981804798 ], [ 31.724636050108415, -20.643236325987697 ], [ 31.780089451449133, -20.623234825588355 ], [ 31.783407342120093, -20.592192528620878 ], [ 31.775005578930763, -20.582555819840582 ], [ 31.828349041586641, -20.565630547278861 ], [ 31.864736967646412, -20.488790842371838 ], [ 31.996673155059234, -20.405313600979564 ] ], [ [ 31.744965005836413, -21.004461721390669 ], [ 31.624682192785574, -21.0295479306345 ], [ 31.669342917197586, -21.05912992004156 ], [ 31.695980652232716, -21.024589280996384 ], [ 31.748056564174938, -21.009632921671088 ], [ 31.744965005836413, -21.004461721390669 ] ] ] } },
{ "type": "Feature", "properties": { "district": "chiredzi urban", "province": "Masvingo", "estimate": 30.493438118774758, "lo": 19.97751495347627, "hi": 42.659690775936397, "width": 22.682175822460128, "n": 13 }, "geometry": { "type": "Polygon", "coordinates": [ [ [ 31.67202808039649, -21.056149086832924 ], [ 31.624682192785574, -21.0295479306345 ], [ 31.744965005836413, -21.004461721390669 ], [ 31.747832029371327, -21.011260149364841 ], [ 31.695980652232716, -21.024589280996384 ], [ 31.67202808039649, -21.056149086832924 ] ] ] } },
{ "type": "Feature", "properties": { "district": "chivi", "province": "Masvingo", "estimate": 40.507478149341452, "lo": 31.386921760773383, "hi": 50.146819220688101, "width": 18.759897459914718, "n": 38 }, "geometry": { "type": "Polygon", "coordinates": [ [ [ 30.439238505792744, -19.981299782129447 ], [ 30.442302212764172, -19.98644444894737 ], [ 30.432628570778121, -19.99484527377097 ], [ 30.442167523862047, -20.024453177888503 ], [ 30.440001983054376, -20.033398595405924 ], [ 30.42374347174507, -20.039083245942731 ], [ 30.428837698245392, -20.048898048085686 ], [ 30.421641390624018, -20.056432880161214 ], [ 30.458117527651563, -20.100508487737912 ], [ 30.442881442866046, -20.118930984210774 ], [ 30.45997798531733, -20.165088423286875 ], [ 30.488883176825865, -20.191320363877782 ], [ 30.49040714265422, -20.205706436664489 ], [ 30.514206469089611, -20.21495411294482 ], [ 30.539008755556544, -20.208382608610769 ], [ 30.544902594949136, -20.219598441696292 ], [ 30.566919966593055, -20.222236626106358 ], [ 30.584638470207764, -20.237044720761013 ], [ 30.60160798009812, -20.228465071106939 ], [ 30.605523881948645, -20.251133759287796 ], [ 30.639900914872001, -20.275812579261622 ], [ 30.652988551094726, -20.292125786913054 ], [ 30.652580574021904, -20.309213059221431 ], [ 30.684191686998915, -20.33667108486031 ], [ 30.677632900259947, -20.378632210238877 ], [ 30.699523292343503, -20.407746361115016 ], [ 30.703484194399902, -20.431298108078238 ], [ 30.698167350100814, -20.438204623769394 ], [ 30.716926854704351, -20.505088576049403 ], [ 30.710507068780892, -20.553875193757257 ], [ 30.733625421925215, -20.577517932141728 ], [ 30.750580965707805, -20.625478471290055 ], [ 30.766823494191527, -20.614954683739075 ], [ 30.807973317707315, -20.62062708101276 ], [ 30.814317169039796, -20.674243039802413 ], [ 30.862182812890989, -20.700871980986019 ], [ 30.875837433381722, -20.720995459377473 ], [ 30.893807916230212, -20.717484190029978 ], [ 30.921444145771712, -20.75553098196178 ], [ 30.931772845551123, -20.750264587640153 ], [ 30.945228464053578, -20.756258022890044 ], [ 30.993880095150814, -20.802144378874974 ], [ 31.031026078037868, -20.887479640277672 ], [ 31.041891763744655, -20.883683355205367 ], [ 31.038544868269796, -20.897436367975533 ], [ 31.058708303118504, -20.921829150123195 ], [ 31.039261917902632, -21.0188862811188 ], [ 31.003381934338734, -20.993530441206545 ], [ 30.98209254931626, -20.998557819837373 ], [ 30.947198533251992, -20.968627643269926 ], [ 30.871105709437856, -20.951823449903713 ], [ 30.812427377786651, -20.92562355788959 ], [ 30.812587365942115, -20.914182716993857 ], [ 30.779450301859978, -20.889041888393074 ], [ 30.737609516685531, -20.912274618738603 ], [ 30.690182875920357, -20.907710310212583 ], [ 30.708417299969039, -20.825551256779399 ], [ 30.677955177156207, -20.830067606209294 ], [ 30.668524435131392, -20.81030115582282 ], [ 30.648425009738197, -20.807212939836816 ], [ 30.642667161804919, -20.787590497746649 ], [ 30.630828500034053, -20.784910307168779 ], [ 30.627816818992297, -20.777010538261067 ], [ 30.634681689596334, -20.771158877026444 ], [ 30.627457576421982, -20.753077963008394 ], [ 30.59343356882885, -20.779362920311339 ], [ 30.559729530360151, -20.770568290952667 ], [ 30.521740604342991, -20.748801708940711 ], [ 30.512733847369372, -20.72540998764492 ], [ 30.523352516136008, -20.68528402011502 ], [ 30.481523710894127, -20.680234671591222 ], [ 30.478770774298603, -20.656253902302904 ], [ 30.458345352983713, -20.646724210080343 ], [ 30.450602565140709, -20.632857188947252 ], [ 30.4448766891467, -20.573014765309964 ], [ 30.460958217073681, -20.55664454289213 ], [ 30.412324564858423, -20.491213722675781 ], [ 30.413482522904062, -20.477745723303833 ], [ 30.371742691299481, -20.438944869110518 ], [ 30.360152006767869, -20.4161121803076 ], [ 30.345203438568774, -20.423051703925559 ], [ 30.339072611027806, -20.418119342013554 ], [ 30.318323183559635, -20.387615088052129 ], [ 30.313843296017495, -20.364932404296162 ], [ 30.25803588299604, -20.35226349629464 ], [ 30.24403227240731, -20.335713274401073 ], [ 30.243609273706301, -20.321955249925931 ], [ 30.279542192295224, -20.242548311740528 ], [ 30.277780233103698, -20.229045306263931 ], [ 30.197767477596319, -20.171677074229002 ], [ 30.158545622834623, -20.206538700653116 ], [ 30.148138915152511, -20.199175158365158 ], [ 30.160038567141338, -20.187748297697997 ], [ 30.166708353310113, -20.155039851112527 ], [ 30.15816557707905, -20.126688738234353 ], [ 30.17674702840695, -20.100140740984443 ], [ 30.187454721116591, -20.098046577906477 ], [ 30.191673578898435, -20.067291274336817 ], [ 30.144024172112342, -20.033325138710616 ], [ 30.144457894901201, -20.024171075209722 ], [ 30.219816740331392, -20.016817477338417 ], [ 30.334174461601503, -19.992813609420971 ], [ 30.354811876340303, -19.997408940951395 ], [ 30.431003989146365, -19.990106283720838 ], [ 30.439238505792744, -19.981299782129447 ] ] ] } },
{ "type": "Feature", "properties": { "district": "gutu", "province": "Masvingo", "estimate": 22.997203898320169, "lo": 15.063145659358328, "hi": 32.533814650341263, "width": 17.470668990982936, "n": 25 }, "geometry": { "type": "Polygon", "coordinates": [ [ [ 30.937620778337951, -19.148562474035771 ], [ 30.999063036573826, -19.155642983594326 ], [ 30.989503329711901, -19.195290008308689 ], [ 30.989093356582526, -19.225020271102217 ], [ 31.000137056039286, -19.248740070359275 ], [ 30.996003177985031, -19.257869765993586 ], [ 31.188503409052444, -19.233831404651355 ], [ 31.283833008787191, -19.280833379626575 ], [ 31.406769556578439, -19.374293424054745 ], [ 31.425139032448556, -19.370007091957479 ], [ 31.433769789678514, -19.377480655160035 ], [ 31.443832495607328, -19.360132334785998 ], [ 31.461296008835319, -19.381262930581151 ], [ 31.480015471933399, -19.372664271310807 ], [ 31.49230412767777, -19.385164213591729 ], [ 31.521567407421408, -19.390497911854908 ], [ 31.527502139024023, -19.411834222273086 ], [ 31.548644539903066, -19.417331630041815 ], [ 31.573013862657497, -19.456891618215781 ], [ 31.610358796328832, -19.447054857739772 ], [ 31.621985471862239, -19.463354088269384 ], [ 31.639613967878653, -19.457507638929247 ], [ 31.649343695281125, -19.466492315152514 ], [ 31.674647972006859, -19.461411920690704 ], [ 31.68317275498276, -19.522329527871737 ], [ 31.703133186746932, -19.52432467096158 ], [ 31.714341875280329, -19.540536892976469 ], [ 31.726474529592501, -19.542399028854344 ], [ 31.739345179554974, -19.583982167165516 ], [ 31.770138302803833, -19.583694134092351 ], [ 31.825493740167836, -19.620305877840792 ], [ 31.823513810162527, -19.655192512248465 ], [ 31.842979260323659, -19.667934465641807 ], [ 31.843489250080129, -19.678517262820254 ], [ 31.89937666975538, -19.711848756126951 ], [ 31.926679911787321, -19.767953970700628 ], [ 31.967405761929935, -19.799059297831722 ], [ 31.972669620000286, -19.821372974354841 ], [ 31.862895758182216, -19.833695937950072 ], [ 31.813079184638081, -19.847622001618685 ], [ 31.690157686322809, -19.832602918591416 ], [ 31.656465660126205, -19.861070071072209 ], [ 31.629273428303815, -19.843993798771699 ], [ 31.621210667743174, -19.864934374940223 ], [ 31.58231378212912, -19.874274091709314 ], [ 31.578578891706623, -19.881701651054957 ], [ 31.553275615704116, -19.886732038648901 ], [ 31.539643998372913, -19.870860853189757 ], [ 31.505626976079537, -19.886596048003618 ], [ 31.493240195560038, -19.883548817967785 ], [ 31.481226524005557, -19.905949971106828 ], [ 31.449281065266412, -19.906439218237161 ], [ 31.442299784679662, -19.917469397747784 ], [ 31.433439021007743, -19.913949452746156 ], [ 31.400044825853676, -19.937746313300938 ], [ 31.369711877185477, -19.933241606623067 ], [ 31.359210316392588, -19.924380463998865 ], [ 31.308041783735714, -19.958768794383221 ], [ 31.299380552956386, -19.949428422347872 ], [ 31.218092707175536, -19.973942134835223 ], [ 31.194884929439663, -20.032754309190938 ], [ 31.152272120432027, -20.002876925320081 ], [ 31.099386621602932, -19.989165923039341 ], [ 31.061887694234017, -19.992004153017454 ], [ 31.032225528368244, -19.968054373240516 ], [ 30.986871827376383, -19.975786975221478 ], [ 30.985651694234992, -19.956603253305833 ], [ 31.027122173188033, -19.933192640952434 ], [ 31.025152889117123, -19.922369458635476 ], [ 30.968537136070712, -19.931679558613485 ], [ 30.955416148994733, -19.877996745093725 ], [ 30.952158137325668, -19.815877431643674 ], [ 30.97121658688275, -19.773155719300952 ], [ 31.0020849682912, -19.747213401172363 ], [ 30.989120631231131, -19.737203046393223 ], [ 30.979778877216706, -19.700085254333324 ], [ 30.958996461814742, -19.686216217875977 ], [ 30.853882138917403, -19.715013507762613 ], [ 30.822869682110415, -19.704355182723678 ], [ 30.821350594134032, -19.717090826088434 ], [ 30.799883890657611, -19.744036973408619 ], [ 30.796145834572069, -19.787354110246497 ], [ 30.770854422619497, -19.765359151692536 ], [ 30.781778960553819, -19.819485755838908 ], [ 30.756546634390734, -19.825121969976411 ], [ 30.740529398888683, -19.814291988638175 ], [ 30.734088455843683, -19.793379797394582 ], [ 30.760180952128987, -19.757998755797484 ], [ 30.76612381168832, -19.7181114934072 ], [ 30.704705650759887, -19.744117297996137 ], [ 30.696486539322361, -19.691117254387034 ], [ 30.705527291241264, -19.686556877723429 ], [ 30.709374713619404, -19.636867787282977 ], [ 30.687194270802035, -19.587940264282729 ], [ 30.712719797192371, -19.558932949961921 ], [ 30.709737433568254, -19.547842059783989 ], [ 30.718954537353845, -19.530103708854924 ], [ 30.718227190332932, -19.463686523687443 ], [ 30.70934843789739, -19.456502985414708 ], [ 30.714037288845994, -19.428996897646993 ], [ 30.753402856086527, -19.437404136878886 ], [ 30.75999981134358, -19.414493951956082 ], [ 30.758368674705185, -19.402552149873912 ], [ 30.695661709821827, -19.395849492878298 ], [ 30.887602252738091, -19.247945063988798 ], [ 30.908452658030694, -19.243900745642133 ], [ 30.906972688989985, -19.222268100895491 ], [ 30.889780163347229, -19.197339211840688 ], [ 30.921405262194838, -19.192276811071402 ], [ 30.919990296146441, -19.180177891022847 ], [ 30.937620778337951, -19.148562474035771 ] ] ] } },
{ "type": "Feature", "properties": { "district": "masvingo", "province": "Masvingo", "estimate": 41.433561013779538, "lo": 32.219942055750636, "hi": 50.875701343230894, "width": 18.655759287480258, "n": 38 }, "geometry": { "type": "Polygon", "coordinates": [ [ [ 30.960371423188601, -19.687145287788439 ], [ 30.979888874126637, -19.700240265151344 ], [ 30.989120631231131, -19.737203046393223 ], [ 31.0020849682912, -19.747213401172363 ], [ 30.97121658688275, -19.773155719300952 ], [ 30.952158137325668, -19.815877431643674 ], [ 30.963061009691952, -19.913425710744797 ], [ 30.968537136070712, -19.931679558613485 ], [ 31.025152889117123, -19.922369458635476 ], [ 31.027122173188033, -19.933192640952434 ], [ 30.985651694234992, -19.956603253305833 ], [ 30.986871827376383, -19.975786975221478 ], [ 31.032225528368244, -19.968054373240516 ], [ 31.061887694234017, -19.992004153017454 ], [ 31.099386621602932, -19.989165923039341 ], [ 31.152272120432027, -20.002876925320081 ], [ 31.194884929439663, -20.032754309190938 ], [ 31.218092707175536, -19.973942134835223 ], [ 31.299380552956386, -19.949428422347872 ], [ 31.308041783735714, -19.958768794383221 ], [ 31.359210316392588, -19.924380463998865 ], [ 31.369711877185477, -19.933241606623067 ], [ 31.400044825853676, -19.937746313300938 ], [ 31.42956650958202, -19.922513938411292 ], [ 31.409268766716888, -19.970904411013937 ], [ 31.414734405264671, -19.991070053191862 ], [ 31.394613737410033, -20.019248840020452 ], [ 31.322654665886091, -20.054753473936277 ], [ 31.312817355346855, -20.048276606015868 ], [ 31.32320430368592, -20.134447689586029 ], [ 31.256605199187948, -20.117030418037562 ], [ 31.256936729630063, -20.177405941962867 ], [ 31.170698623152994, -20.230357978177569 ], [ 31.133427185146612, -20.262687148676267 ], [ 31.113749560101883, -20.286730164389493 ], [ 31.109353544664579, -20.3145531214202 ], [ 31.097633854871674, -20.327375179030632 ], [ 31.119564259714558, -20.387356627972849 ], [ 31.136731769971593, -20.38913075187283 ], [ 31.18443939477438, -20.372804515711699 ], [ 31.221904382893538, -20.487302999382159 ], [ 31.243986755733051, -20.496600678061405 ], [ 31.268968086317528, -20.585060218739521 ], [ 31.266220175796004, -20.605067700095024 ], [ 31.181065636079246, -20.642100477955541 ], [ 31.180429661197444, -20.653869347858283 ], [ 31.165525095176022, -20.666022253098433 ], [ 31.172491899411952, -20.673584807838669 ], [ 31.169171000283075, -20.682996504805647 ], [ 31.183586589939193, -20.690716067608093 ], [ 31.232516185836431, -20.688939914329922 ], [ 31.238347046141069, -20.740602723246052 ], [ 31.250282711589541, -20.75631687576325 ], [ 31.24040302123014, -20.80339535017999 ], [ 31.270079183746351, -20.831502404720524 ], [ 31.243982971130762, -20.901445560900424 ], [ 31.199253265986382, -20.920692997165645 ], [ 31.186623609760137, -20.886983525844936 ], [ 31.203615423920649, -20.873430744152966 ], [ 31.190239196726374, -20.86865990480451 ], [ 31.13345214034517, -20.892074925961861 ], [ 31.084218577013623, -20.934171043187504 ], [ 31.077466763879709, -20.920748061045011 ], [ 31.06117123389593, -20.924925376365579 ], [ 31.038544868269796, -20.897436367975533 ], [ 31.041891763744655, -20.883683355205367 ], [ 31.031026078037868, -20.887479640277672 ], [ 31.012334583986146, -20.833707693755251 ], [ 30.976389583955264, -20.779557724337081 ], [ 30.936830701960517, -20.75181269992445 ], [ 30.922127126797367, -20.755981015409031 ], [ 30.894259902667095, -20.71782321525632 ], [ 30.875837433381722, -20.720995459377473 ], [ 30.862182812890989, -20.700871980986019 ], [ 30.814317169039796, -20.674243039802413 ], [ 30.807973317707315, -20.62062708101276 ], [ 30.766823494191527, -20.614954683739075 ], [ 30.750580965707805, -20.625478471290055 ], [ 30.734235404952567, -20.578615013406118 ], [ 30.709521095891336, -20.551594025912763 ], [ 30.716926854704351, -20.505088576049403 ], [ 30.698167350100814, -20.438204623769394 ], [ 30.703484194399902, -20.431298108078238 ], [ 30.699523292343503, -20.407746361115016 ], [ 30.677632900259947, -20.378632210238877 ], [ 30.684191686998915, -20.33667108486031 ], [ 30.652580574021904, -20.309213059221431 ], [ 30.652988551094726, -20.292125786913054 ], [ 30.639900914872001, -20.275812579261622 ], [ 30.605523881948645, -20.251133759287796 ], [ 30.60160798009812, -20.228465071106939 ], [ 30.584638470207764, -20.237044720761013 ], [ 30.566919966593055, -20.222236626106358 ], [ 30.544902594949136, -20.219598441696292 ], [ 30.539008755556544, -20.208382608610769 ], [ 30.514206469089611, -20.21495411294482 ], [ 30.488898184979309, -20.204558352200461 ], [ 30.489106171018719, -20.191635388091235 ], [ 30.470223701425795, -20.1781703942668 ], [ 30.444815400688391, -20.138151420185384 ], [ 30.443464423434314, -20.113620586666862 ], [ 30.458117527651563, -20.100508487737912 ], [ 30.421641390624018, -20.056432880161214 ], [ 30.428837698245392, -20.048898048085686 ], [ 30.42374347174507, -20.039083245942731 ], [ 30.440001983054376, -20.033398595405924 ], [ 30.442167523862047, -20.024453177888503 ], [ 30.432628570778121, -19.99484527377097 ], [ 30.442302212764172, -19.98644444894737 ], [ 30.42794061724652, -19.984961456203052 ], [ 30.433310613962693, -19.962152250749977 ], [ 30.4227479138315, -19.961189185102747 ], [ 30.425417826331863, -19.943342845368043 ], [ 30.454923978189061, -19.93236300402102 ], [ 30.470489514715144, -19.903737846303489 ], [ 30.454471966599378, -19.895169211926437 ], [ 30.459453819247535, -19.886138530837648 ], [ 30.451151054894108, -19.884912443667083 ], [ 30.4482159893663, -19.869435769644443 ], [ 30.459043815575473, -19.8631478041221 ], [ 30.453851954780195, -19.849915813081235 ], [ 30.459692835791845, -19.839789825846367 ], [ 30.522016002656702, -19.836501765144735 ], [ 30.633869832667067, -19.866361947332319 ], [ 30.686476330040353, -19.86140454628471 ], [ 30.693377128764158, -19.853941982355821 ], [ 30.677785566247707, -19.841940087948181 ], [ 30.683066405171896, -19.824423768243474 ], [ 30.677468558868807, -19.815602108008108 ], [ 30.68347037036866, -19.78474078339601 ], [ 30.69280310080606, -19.779523384920942 ], [ 30.692170097551198, -19.745895853020034 ], [ 30.76612381168832, -19.7181114934072 ], [ 30.760180952128987, -19.757998755797484 ], [ 30.734088455843683, -19.793379797394582 ], [ 30.740529398888683, -19.814291988638175 ], [ 30.756546634390734, -19.825121969976411 ], [ 30.781778960553819, -19.819485755838908 ], [ 30.770854422619497, -19.765359151692536 ], [ 30.796145834572069, -19.787354110246497 ], [ 30.799883890657611, -19.744036973408619 ], [ 30.821350594134032, -19.717090826088434 ], [ 30.822869682110415, -19.704355182723678 ], [ 30.851961899267756, -19.715257952632175 ], [ 30.960371423188601, -19.687145287788439 ] ], [ [ 30.836873961943926, -20.026878355856134 ], [ 30.801878508117809, -20.041407312830728 ], [ 30.788783432946182, -20.063745839360219 ], [ 30.806634472201232, -20.110389268358499 ], [ 30.830154987623512, -20.11359385606454 ], [ 30.836638882715526, -20.14173142640859 ], [ 30.865787842856122, -20.111907267196219 ], [ 30.853668337184782, -20.096304986044093 ], [ 30.886931064795345, -20.041524381089566 ], [ 30.836873961943926, -20.026878355856134 ] ] ] } },
{ "type": "Feature", "properties": { "district": "masvingo urban", "province": "Masvingo", "estimate": 18.670250717676634, "lo": 12.73476779098478, "hi": 25.897930523816481, "width": 13.163162732831701, "n": 54 }, "geometry": { "type": "Polygon", "coordinates": [ [ [ 30.886892990600366, -20.041589370307484 ], [ 30.853668337184782, -20.096304986044093 ], [ 30.865787842856122, -20.111907267196219 ], [ 30.836638882715526, -20.14173142640859 ], [ 30.830154987623512, -20.11359385606454 ], [ 30.817749431416228, -20.116414408390405 ], [ 30.826123715141019, -20.10934798490846 ], [ 30.806634472201232, -20.110389268358499 ], [ 30.790044243600281, -20.054505553400137 ], [ 30.812274645323928, -20.034294014381217 ], [ 30.836873961943926, -20.026878355856134 ], [ 30.886892990600366, -20.041589370307484 ] ] ] } },
{ "type": "Feature", "properties": { "district": "mwenezi", "province": "Masvingo", "estimate": 48.220010770816032, "lo": 38.308489628625416, "hi": 58.204143779340136, "width": 19.895654150714719, "n": 35 }, "geometry": { "type": "Polygon", "coordinates": [ [ [ 30.515797769936469, -20.741261155686452 ], [ 30.55946453723281, -20.770440281910304 ], [ 30.59343356882885, -20.779362920311339 ], [ 30.627457576421982, -20.753077963008394 ], [ 30.634681689596334, -20.771158877026444 ], [ 30.627816818992297, -20.777010538261067 ], [ 30.630828500034053, -20.784910307168779 ], [ 30.642667161804919, -20.787590497746649 ], [ 30.648425009738197, -20.807212939836816 ], [ 30.668524435131392, -20.81030115582282 ], [ 30.677955177156207, -20.830067606209294 ], [ 30.708548296795339, -20.825740269873933 ], [ 30.690846856679471, -20.908275351355606 ], [ 30.737609516685531, -20.912274618738603 ], [ 30.779450301859978, -20.889041888393074 ], [ 30.812587365942115, -20.914182716993857 ], [ 30.812702370061427, -20.925753567031947 ], [ 30.871105709437856, -20.951823449903713 ], [ 30.947198533251992, -20.968627643269926 ], [ 30.982434538843226, -20.998685829973041 ], [ 31.005065885627616, -20.994134484222446 ], [ 31.043213806263459, -21.022804566868313 ], [ 31.062430272173938, -21.054485878012176 ], [ 31.107998973250989, -21.073705262303687 ], [ 31.110262919108116, -21.092046603804476 ], [ 31.126389467902129, -21.114854263592076 ], [ 31.15630462180977, -21.141004160587983 ], [ 31.238654260086747, -21.152371952399264 ], [ 31.259083180339601, -21.148588490897975 ], [ 31.267853153980727, -21.135737871624105 ], [ 31.299706191348513, -21.139295970981809 ], [ 31.325109014159235, -21.17998947510787 ], [ 31.49788780036231, -21.149144596701113 ], [ 31.540159595413357, -21.173581364026784 ], [ 31.570570717274197, -21.167572911880526 ], [ 31.580971427803412, -21.18803440196389 ], [ 31.608369649608644, -21.209672970284807 ], [ 31.594317054785822, -21.212631190832226 ], [ 31.584002365131596, -21.238514084072502 ], [ 31.5122384454166, -21.266331142582711 ], [ 31.503449709562449, -21.290336895156024 ], [ 31.267454616404905, -21.491386615068063 ], [ 31.243215347245702, -21.548335753341071 ], [ 31.252757093191835, -21.587077552720704 ], [ 31.239015512188352, -21.627353471733173 ], [ 31.255189057244781, -21.647402912882885 ], [ 31.229237821936245, -21.675534956992262 ], [ 31.277697445327988, -21.716841914184265 ], [ 31.248805293764189, -21.74238076989252 ], [ 31.066117763888705, -22.061604786041809 ], [ 30.944007740718867, -22.112792622341093 ], [ 30.931184878434557, -22.105333688811584 ], [ 30.931300673071313, -22.073833734142251 ], [ 30.889501890424608, -22.084318507157132 ], [ 30.873400328270218, -22.041814475001182 ], [ 30.859518725066742, -22.034349948927002 ], [ 30.857413773828377, -22.016665684154063 ], [ 30.832958468826476, -21.997475322754777 ], [ 30.803689316795783, -21.999073453996804 ], [ 30.796601510389372, -21.980819150020508 ], [ 30.806841205988754, -21.969763352245682 ], [ 30.783314882958141, -21.9646089963591 ], [ 30.761558502446974, -21.949184902074197 ], [ 30.75416970472487, -21.932629719275084 ], [ 30.771257203836186, -21.922212961357005 ], [ 30.761371478594739, -21.907023875636586 ], [ 30.727629443186153, -21.890304695050588 ], [ 30.730471350724073, -21.875065599183262 ], [ 30.712760860980033, -21.872118397306387 ], [ 30.710816902213626, -21.85027482837112 ], [ 30.670222060575259, -21.829454354178996 ], [ 30.674186937676801, -21.817444488288515 ], [ 30.66507419656762, -21.811245046818595 ], [ 30.665223173174368, -21.781621914108307 ], [ 30.635351027907461, -21.771348191809974 ], [ 30.648499632788564, -21.748487536791838 ], [ 30.619524479587373, -21.763249617774065 ], [ 30.607149825425843, -21.745822369105003 ], [ 30.599542042691962, -21.743053174398348 ], [ 30.590182319676856, -21.754043972037312 ], [ 30.582105540906181, -21.735954672705077 ], [ 30.56219311061912, -21.729828242661934 ], [ 30.553957359687555, -21.745332366355996 ], [ 30.544264641976405, -21.747916557796369 ], [ 30.534107914776648, -21.719928546035352 ], [ 30.498221940347957, -21.704967488754651 ], [ 30.499234894137082, -21.681776814986421 ], [ 30.507646645694084, -21.673832235770167 ], [ 30.503514753814926, -21.658139105283414 ], [ 30.482521362780169, -21.663216485385192 ], [ 30.470394704722459, -21.651565649755142 ], [ 30.450215287946435, -21.652567736297616 ], [ 30.443351470167883, -21.631205196324874 ], [ 30.407532498381293, -21.624555738119984 ], [ 30.395231842042904, -21.608817607890753 ], [ 30.381185247966105, -21.6108377625952 ], [ 30.361091816132433, -21.59486061963252 ], [ 30.338270486445058, -21.6110778077527 ], [ 30.328152768586481, -21.60020102736059 ], [ 30.233402495970857, -21.594377667781959 ], [ 30.229787594419143, -21.585763046695948 ], [ 30.242854201081201, -21.563554431411362 ], [ 30.236141381118784, -21.545756145983294 ], [ 30.218284900767888, -21.553862745180279 ], [ 30.193030609897601, -21.528662935956866 ], [ 30.172515203442256, -21.531858181831101 ], [ 30.165777372585683, -21.500490912209898 ], [ 30.146177942292947, -21.505807311145581 ], [ 30.126877491089697, -21.496519650189352 ], [ 30.096138379046852, -21.50074097831429 ], [ 30.108663005148621, -21.48341371159729 ], [ 30.093545435098395, -21.476220200612396 ], [ 30.072741036124516, -21.478940411781224 ], [ 30.068879132005684, -21.4593929964018 ], [ 30.041535903265153, -21.439398562954644 ], [ 30.040211929368489, -21.423026374992549 ], [ 30.024719362094494, -21.407364247692069 ], [ 30.018819516565841, -21.387831832202771 ], [ 29.948124520172691, -21.348865046180219 ], [ 29.936420823984978, -21.308276099268927 ], [ 29.919022311952389, -21.293380026204005 ], [ 29.918847303067089, -21.276779815722342 ], [ 29.886469223771353, -21.263367861308602 ], [ 29.892383042594318, -21.250974952970068 ], [ 29.886188205597715, -21.231655548183845 ], [ 29.894669958373363, -21.226589172302166 ], [ 29.879093392332056, -21.210043976408009 ], [ 29.84686431120258, -21.200684314602377 ], [ 29.831134741407126, -21.174099384368951 ], [ 29.841172433747133, -21.151533728093423 ], [ 29.801323565696432, -21.13564659496614 ], [ 29.774056329038892, -21.111375839318054 ], [ 29.765964543012984, -21.0888991988414 ], [ 29.752120938545751, -21.087280091382819 ], [ 29.731033499290422, -21.033302151832572 ], [ 29.730700500102838, -21.022919390584537 ], [ 29.782830011824238, -21.032037020867225 ], [ 29.823563827329416, -21.012868586079733 ], [ 29.927448774321373, -20.92280290103507 ], [ 29.971108512301157, -20.909419886777243 ], [ 29.987586040063395, -20.911356017810366 ], [ 30.049197310032454, -20.95934850188636 ], [ 30.068819751569492, -20.966318000197823 ], [ 30.07357963410422, -20.990133744760676 ], [ 30.109021628780354, -21.007039961230316 ], [ 30.131292990986182, -21.008447049935601 ], [ 30.165945015286237, -21.034525938726084 ], [ 30.179440623192004, -21.027840439896046 ], [ 30.193299232219239, -21.037849164169803 ], [ 30.21706754521788, -21.03171269886322 ], [ 30.250111603125607, -21.041004359295261 ], [ 30.253290503760901, -21.029791535027034 ], [ 30.281686681083503, -21.019447757823851 ], [ 30.300927140995338, -21.036573001001823 ], [ 30.316332693857561, -21.030119518664009 ], [ 30.337197103885547, -21.043058453976748 ], [ 30.356830537208324, -21.039859207063483 ], [ 30.378334906146392, -21.020425769262516 ], [ 30.393381473356442, -21.019536695053066 ], [ 30.402668192983349, -20.999772239005157 ], [ 30.445177501697447, -20.962508860777628 ], [ 30.454308803797119, -20.831056797805374 ], [ 30.480057760063374, -20.748355860283407 ], [ 30.481419526982396, -20.715144163188967 ], [ 30.519913611616484, -20.682319803033074 ], [ 30.515797769936469, -20.741261155686452 ] ] ] } },
{ "type": "Feature", "properties": { "district": "zaka", "province": "Masvingo", "estimate": 38.913118680861217, "lo": 28.572401768161136, "hi": 49.925119356539852, "width": 21.352717588378717, "n": 24 }, "geometry": { "type": "Polygon", "coordinates": [ [ [ 31.403170180609809, -20.002503261209252 ], [ 31.421973337946245, -20.036413046659536 ], [ 31.438297699359065, -20.022322715836278 ], [ 31.467927475568953, -20.060825879959669 ], [ 31.470687332785403, -20.077634709758534 ], [ 31.527683437912987, -20.087266075631415 ], [ 31.538835125646663, -20.101402128362182 ], [ 31.53801515962499, -20.125440925327343 ], [ 31.593114601387555, -20.159603454172423 ], [ 31.591762665631059, -20.218846875060663 ], [ 31.619326888914276, -20.242928658621508 ], [ 31.610341165993045, -20.287369972758608 ], [ 31.635807437710596, -20.288709062773737 ], [ 31.638169373595545, -20.298850817050258 ], [ 31.656129865381427, -20.308159503293584 ], [ 31.660383750272796, -20.323325629786364 ], [ 31.667173554058383, -20.319644352936525 ], [ 31.673320383289497, -20.33085118458667 ], [ 31.723085969356443, -20.354800946049622 ], [ 31.721964005007596, -20.365452739191525 ], [ 31.731631730689166, -20.370683124403886 ], [ 31.703501540929167, -20.382820036712964 ], [ 31.701672600655087, -20.399480275223468 ], [ 31.678357282901629, -20.431106633004234 ], [ 31.696900766933876, -20.46557118279598 ], [ 31.69173192636605, -20.491698122986801 ], [ 31.702801609592388, -20.493739270128245 ], [ 31.701208662133357, -20.507091260018701 ], [ 31.722166081030764, -20.553780710351351 ], [ 31.743859463589295, -20.564386486961286 ], [ 31.740092576074726, -20.572387080725438 ], [ 31.752614216176241, -20.570684950026454 ], [ 31.782299370828422, -20.586187085304442 ], [ 31.783194357854427, -20.614904209181621 ], [ 31.780089451449133, -20.623234825588355 ], [ 31.724636050108415, -20.643236325987697 ], [ 31.717776249595875, -20.652077981804798 ], [ 31.687887085746048, -20.602616336713222 ], [ 31.633194653570733, -20.602742369285099 ], [ 31.6142022077292, -20.624529987022157 ], [ 31.514933068773804, -20.653430164002032 ], [ 31.458093710680149, -20.679115086110176 ], [ 31.406791167349191, -20.647907803131609 ], [ 31.382831852758407, -20.644442558326421 ], [ 31.327963436127362, -20.663425984858112 ], [ 31.288392584081485, -20.68959793599916 ], [ 31.24344490722504, -20.753497672071969 ], [ 31.231910203007025, -20.688125853935915 ], [ 31.191378368304484, -20.693354258622893 ], [ 31.169171000283075, -20.682996504805647 ], [ 31.172491899411952, -20.673584807838669 ], [ 31.165525095176022, -20.666022253098433 ], [ 31.180429661197444, -20.653869347858283 ], [ 31.181065636079246, -20.642100477955541 ], [ 31.268824098953903, -20.60137742640152 ], [ 31.243986755733051, -20.496600678061405 ], [ 31.221904382893538, -20.487302999382159 ], [ 31.18443939477438, -20.372804515711699 ], [ 31.136731769971593, -20.38913075187283 ], [ 31.119564259714558, -20.387356627972849 ], [ 31.097633854871674, -20.327375179030632 ], [ 31.109353544664579, -20.3145531214202 ], [ 31.113749560101883, -20.286730164389493 ], [ 31.133427185146612, -20.262687148676267 ], [ 31.170698623152994, -20.230357978177569 ], [ 31.256936729630063, -20.177405941962867 ], [ 31.256605199187948, -20.117030418037562 ], [ 31.32320430368592, -20.134447689586029 ], [ 31.312817355346855, -20.048276606015868 ], [ 31.322654665886091, -20.054753473936277 ], [ 31.368341738866377, -20.03475432260683 ], [ 31.366606880948641, -20.028354926707475 ], [ 31.394613737410033, -20.019248840020452 ], [ 31.403170180609809, -20.002503261209252 ] ] ] } },
{ "type": "Feature", "properties": { "district": "chitungwiza", "province": "Harare", "estimate": 21.711590234248799, "lo": 15.344285765927015, "hi": 28.78019916375905, "width": 13.435913397832035, "n": 65 }, "geometry": { "type": "Polygon", "coordinates": [ [ [ 31.05641659392948, -17.979313916911664 ], [ 31.073585630424166, -17.999825059643218 ], [ 31.127109596061636, -18.019735745166294 ], [ 31.111753127146631, -18.033424185843039 ], [ 31.091183174089156, -18.033527527860613 ], [ 31.061445237125824, -18.050877610258894 ], [ 31.034038030371132, -18.020343029968437 ], [ 31.007122793168278, -18.014552654097621 ], [ 30.994457816083401, -18.000889568158353 ], [ 31.020636001765279, -18.002537448781204 ], [ 31.024872904904523, -17.987482675988375 ], [ 31.05641659392948, -17.979313916911664 ] ] ] } },
{ "type": "Feature", "properties": { "district": "epworth", "province": "Harare", "estimate": 47.583509671386139, "lo": 36.191849287221046, "hi": 59.622698190865762, "width": 23.430848903644716, "n": 22 }, "geometry": { "type": "Polygon", "coordinates": [ [ [ 31.203056066349593, -17.886324669152852 ], [ 31.189577673758063, -17.914888709786798 ], [ 31.17360620113157, -17.907524987302523 ], [ 31.165834326738004, -17.928132392275181 ], [ 31.136123959969058, -17.928883754046339 ], [ 31.142913903891866, -17.902181008934036 ], [ 31.1176437146379, -17.882013708956666 ], [ 31.120140735582037, -17.873643628628987 ], [ 31.130328490591683, -17.865350461248685 ], [ 31.197471577096437, -17.882684580134395 ], [ 31.203056066349593, -17.886324669152852 ] ] ] } },
{ "type": "Feature", "properties": { "district": "harare", "province": "Harare", "estimate": 16.462571756829878, "lo": 13.289508876434075, "hi": 20.01876113389142, "width": 6.729252257457345, "n": 287 }, "geometry": { "type": "Polygon", "coordinates": [ [ [ 31.116317000879647, -17.69131586530326 ], [ 31.13881996493518, -17.692528631290745 ], [ 31.148264240978005, -17.700717785143482 ], [ 31.146974570148799, -17.686229087072071 ], [ 31.159094338128167, -17.696511019270552 ], [ 31.157222823099552, -17.703731783276975 ], [ 31.163773516916073, -17.696037764223014 ], [ 31.181210914322115, -17.696199884375911 ], [ 31.197285870174419, -17.718580279667488 ], [ 31.205443370658173, -17.711933588960367 ], [ 31.209812656724207, -17.726472127761411 ], [ 31.201490882222721, -17.729648830411197 ], [ 31.196041681048015, -17.752424415405294 ], [ 31.21183441857735, -17.792596583262025 ], [ 31.192102325083695, -17.804996176706574 ], [ 31.20965648461204, -17.812568444721894 ], [ 31.203241717576095, -17.819950402342755 ], [ 31.215054577036987, -17.820474831578387 ], [ 31.220051145886142, -17.83982542135568 ], [ 31.221659105091895, -17.849346163404398 ], [ 31.195094268342022, -17.861859496701346 ], [ 31.215358556149365, -17.879692379939513 ], [ 31.208626141235683, -17.879586606307498 ], [ 31.211819794902862, -17.886560580573693 ], [ 31.130328490591683, -17.865350461248685 ], [ 31.1176437146379, -17.882013708956666 ], [ 31.125008038658418, -17.888040986765905 ], [ 31.028558274798659, -17.907159666977961 ], [ 31.032001572079917, -17.921325328184313 ], [ 31.005690580364742, -17.932172128976827 ], [ 30.997798719795313, -17.919894837743016 ], [ 30.985226136234033, -17.919295296780088 ], [ 30.979670927567572, -17.927639937049566 ], [ 30.965660134049855, -17.920814767062733 ], [ 30.96027705067667, -17.927220382151287 ], [ 30.925863220064461, -17.916951479884041 ], [ 30.936574267981623, -17.911892306109948 ], [ 30.877434950571118, -17.875475884624535 ], [ 30.899142698089339, -17.865683688096095 ], [ 30.883234536029157, -17.811102130303677 ], [ 30.895943334730237, -17.801072681750192 ], [ 30.88934795691485, -17.796004433675957 ], [ 30.890249454930014, -17.780505685655392 ], [ 30.918504354207609, -17.779435951345729 ], [ 30.908586425261579, -17.764287718160524 ], [ 30.948627175252749, -17.757097408604231 ], [ 30.950817213118228, -17.709400221781923 ], [ 30.995628228372148, -17.737134642092879 ], [ 31.026176501417293, -17.739179314042484 ], [ 31.025913889723789, -17.727099839272093 ], [ 31.046324442123968, -17.740228606733414 ], [ 31.08167344859136, -17.730409842948834 ], [ 31.073746197993014, -17.687281566899415 ], [ 31.088807764373268, -17.665558861885682 ], [ 31.115384016913762, -17.667812027013916 ], [ 31.116317000879647, -17.69131586530326 ] ] ] } },
{ "type": "Feature", "properties": { "district": "harare rural", "province": "Harare", "estimate": 32.687714232839085, "lo": 26.499107241473389, "hi": 39.214528917575223, "width": 12.715421676101833, "n": 106 }, "geometry": { "type": "Polygon", "coordinates": [ [ [ 30.909004526347594, -17.956245229635979 ], [ 30.886869593080821, -17.936407076226704 ], [ 30.925406417759337, -17.916900122218522 ], [ 30.96027705067667, -17.927220382151287 ], [ 30.965660134049855, -17.920814767062733 ], [ 30.979670927567572, -17.927639937049566 ], [ 30.985226136234033, -17.919295296780088 ], [ 30.997798719795313, -17.919894837743016 ], [ 31.005690580364742, -17.932172128976827 ], [ 31.032001572079917, -17.921325328184313 ], [ 31.028558274798659, -17.907159666977961 ], [ 31.107714535191203, -17.888558826720651 ], [ 31.125008038658418, -17.888040986765905 ], [ 31.142913903891866, -17.902181008934036 ], [ 31.13394620297187, -17.9505083943573 ], [ 31.14163184538636, -17.959016337748679 ], [ 31.127337496852597, -17.962847948012467 ], [ 31.113524959721474, -17.994466036254227 ], [ 31.056400824004676, -17.978075261759201 ], [ 31.024872904904523, -17.987482675988375 ], [ 31.016775872717442, -18.003391454103404 ], [ 30.994989468712937, -17.997623770968765 ], [ 30.973955517844896, -17.978305465394392 ], [ 30.96054321520716, -17.981349967731752 ], [ 30.922175100427239, -17.960107266963352 ], [ 30.90554275880578, -17.964145071256024 ], [ 30.909004526347594, -17.956245229635979 ] ] ] } }
]
}
